Var1,Freq
tbx2,69
LOC101161126,36
igf2bp3,24
LOC101167700,23
dcc,21
mgll,18
slc6a8,15
specc1,14
fzd9,13
LOC101157521,13
mast3,13
celf2,12
LOC101168923,12
rassf10,12
st3gal3,12
LOC101166699,10
LOC101169577,10
mgea5,10
pik3r1,10
sh2b3,10
bmper,9
LOC101162139,9
LOC101162549,9
LOC101168686,9
LOC101169564,9
lrmda,9
rubcnl,9
cfi,8
LOC101156059,8
LOC101159368,8
LOC101162909,8
LOC101164766,8
LOC101165722,8
LOC101165944,8
LOC101172481,8
LOC101175150,8
ncmap,8
rnf19b,8
spry4,8
tmem117,8
ttc39a,8
arhgap6,7
atrn,7
ddx49,7
disc1,7
fgd4,7
LOC101160244,7
LOC101160413,7
LOC101161662,7
LOC101165925,7
LOC101166694,7
LOC110015536,7
ncor2,7
spred2,7
acox1,6
dab2ip,6
fam13b,6
gpsm1,6
LOC101156068,6
LOC101156134,6
LOC101156234,6
LOC101158610,6
LOC101166063,6
LOC101167031,6
LOC101171114,6
LOC101172168,6
LOC105357177,6
mkl2,6
nrxn1,6
stox1,6
adamtsl1,5
ar-alpha,5
cbr4,5
ch25h,5
dio1,5
LOC100049521,5
LOC101154949,5
LOC101159208,5
LOC101161849,5
LOC101162468,5
LOC101164267,5
LOC101169295,5
LOC101173298,5
LOC101173932,5
map3k15,5
nat10,5
omg,5
prex1,5
prkg1,5
smg6,5
tanc1,5
tmem71,5
wnt5b,5
adgrl1,4
atp6v1ba,4
bspry,4
c9h9orf3,4
diaph2,4
epha5,4
inpp4b,4
itpr3,4
LOC101154978,4
LOC101155518,4
LOC101157306,4
LOC101157638,4
LOC101158728,4
LOC101158876,4
LOC101160776,4
LOC101162331,4
LOC101162415,4
LOC101162432,4
LOC101162827,4
LOC101164342,4
LOC101164582,4
LOC101165134,4
LOC101165180,4
LOC101165188,4
LOC101165530,4
LOC101166445,4
LOC101167089,4
LOC101167742,4
LOC101168652,4
LOC101170419,4
LOC101170524,4
LOC101171284,4
LOC101172290,4
LOC101172421,4
LOC101175167,4
mdh2,4
mief1,4
miga1,4
nfkbia,4
nlgn3,4
pstpip2,4
s2012,4
slc16a4,4
unc13b,4
wisp2,4
zbtb44,4
znf423,4
adamts1,3
adk,3
afap1l2,3
amdhd2,3
arvcf,3
bicdl1,3
brinp2,3
btg1,3
cdk18,3
colec12,3
coll,3
cops2,3
dusp4,3
efna1,3
ehd2,3
eml3,3
fam122b,3
fam189a1,3
fam204a,3
fras1,3
igfbp4,3
inf2,3
insig1,3
klf2,3
LOC101157631,3
LOC101159183,3
LOC101159252,3
LOC101159676,3
LOC101159686,3
LOC101161399,3
LOC101161564,3
LOC101161901,3
LOC101162275,3
LOC101163308,3
LOC101163647,3
LOC101163810,3
LOC101164564,3
LOC101165834,3
LOC101167434,3
LOC101167579,3
LOC101168389,3
LOC101169132,3
LOC101169307,3
LOC101171095,3
LOC101171727,3
LOC101171760,3
LOC101172325,3
LOC101172720,3
LOC101172907,3
LOC101173092,3
LOC101173834,3
LOC101173939,3
LOC101174342,3
LOC101175323,3
LOC101175681,3
LOC105355212,3
LOC105355917,3
LOC105356063,3
ltbp2,3
lyve1,3
mcmdc2,3
micu3,3
mrs2,3
myc,3
nod1,3
phactr4,3
rap2b,3
rassf2,3
rras2,3
sh3pxd2a,3
shc4,3
slc38a4,3
snta1,3
snx9,3
sorl1,3
sox7,3
tnfrsf19,3
tox,3
trpv1,3
adora2a,2
akap12,2
aplp1,2
arhgef17,2
arid3a,2
arrdc2,2
aspip,2
axl,2
c12h2orf42,2
c2cd2l,2
cadm4,2
cant1,2
cep68,2
col7a1,2
csf3r,2
cutc,2
dlst,2
dmac2,2
elovl5,2
fdx1l,2
fmnl3,2
g6pc,2
gadl1,2
gsap,2
hes4,2
hvcn1,2
imp3,2
itgav,2
LOC100302438,2
LOC101155312,2
LOC101155324,2
LOC101155431,2
LOC101155461,2
LOC101155946,2
LOC101156012,2
LOC101156152,2
LOC101156166,2
LOC101156244,2
LOC101156593,2
LOC101157351,2
LOC101157996,2
LOC101158935,2
LOC101159411,2
LOC101159840,2
LOC101160349,2
LOC101160359,2
LOC101160641,2
LOC101160970,2
LOC101161210,2
LOC101162184,2
LOC101162802,2
LOC101162856,2
LOC101163431,2
LOC101163788,2
LOC101165021,2
LOC101165068,2
LOC101165632,2
LOC101165686,2
LOC101166414,2
LOC101166653,2
LOC101166789,2
LOC101166986,2
LOC101167043,2
LOC101167227,2
LOC101167610,2
LOC101167922,2
LOC101168694,2
LOC101168711,2
LOC101169329,2
LOC101169638,2
LOC101170257,2
LOC101170305,2
LOC101170311,2
LOC101170951,2
LOC101171003,2
LOC101171155,2
LOC101171228,2
LOC101171769,2
LOC101171795,2
LOC101172490,2
LOC101172657,2
LOC101172697,2
LOC101173653,2
LOC101173804,2
LOC101174054,2
LOC105354919,2
LOC110013329,2
LOC111948402,2
LOC111948701,2
lyrm2,2
map3k5,2
mmp16,2
mpdz,2
mtnr1a,2
naaa,2
nek6,2
nol12,2
olgc7,2
pcyox1,2
pdgfrb,2
pex3,2
phpt1,2
pik3r6,2
pinx1,2
plxdc2,2
ppp6r3,2
prkar2b,2
purg,2
rab32,2
rabgap1l,2
rasgef1c,2
sh3kbp1,2
slc16a13,2
slc22a18,2
sms,2
spred1,2
ssbp2,2
syde1,2
tmem2,2
tmem87b,2
tnip2,2
tor3a,2
tor4a,2
trap1,2
vat1,2
vav3,2
vegfb,2
vps13c,2
wasf1,2
zc3h12d,2
abhd15,1
adgrd1,1
ahcyl1,1
anxa11,1
apbb1ip,1
arhgap21,1
arhgef25,1
arpin,1
arrdc1,1
arsb,1
asmtl,1
atp5f1b,1
atp5pb,1
atp6v0b,1
bicc1,1
bmf,1
c1qtnf5,1
c21h3orf70,1
c6,1
cass4,1
cd2ap,1
chpt1,1
cnih1,1
crot,1
dach,1
dapk1,1
dhx9,1
dnajc6,1
dock9,1
dusp1,1
efna5,1
ell2,1
eml1,1
eml2,1
enpp6,1
exoc3l4,1
exoc4,1
fam210a,1
fgf1,1
fgl2,1
fkbp4,1
flot2,1
fnip1,1
gab2,1
gk5,1
got2,1
gpnmb,1
gulp1,1
hacd1,1
hadha,1
hdac4,1
hexdc,1
hopx,1
hsc70,1
hsdl2,1
imp4,1
kat14,1
kcnab1,1
kcnk6,1
kcnma1,1
LOC100049439,1
LOC100125506,1
LOC100529189,1
LOC101155022,1
LOC101155293,1
LOC101155297,1
LOC101155358,1
LOC101155648,1
LOC101155811,1
LOC101155970,1
LOC101156213,1
LOC101156270,1
LOC101156543,1
LOC101156989,1
LOC101157054,1
LOC101157237,1
LOC101157319,1
LOC101157565,1
LOC101157991,1
LOC101158651,1
LOC101158877,1
LOC101160608,1
LOC101160745,1
LOC101160958,1
LOC101161234,1
LOC101161367,1
LOC101161457,1
LOC101161576,1
LOC101161944,1
LOC101162065,1
LOC101162214,1
LOC101162283,1
LOC101162555,1
LOC101162800,1
LOC101162865,1
LOC101163053,1
LOC101163128,1
LOC101163594,1
LOC101163609,1
LOC101163667,1
LOC101163673,1
LOC101164062,1
LOC101164503,1
LOC101164588,1
LOC101164798,1
LOC101164878,1
LOC101165397,1
LOC101165545,1
LOC101165585,1
LOC101165692,1
LOC101165878,1
LOC101165932,1
LOC101165960,1
LOC101166706,1
LOC101166987,1
LOC101167121,1
LOC101167133,1
LOC101168178,1
LOC101168184,1
LOC101168443,1
LOC101168461,1
LOC101169056,1
LOC101169105,1
LOC101169425,1
LOC101169436,1
LOC101169697,1
LOC101169977,1
LOC101170211,1
LOC101170336,1
LOC101170341,1
LOC101170468,1
LOC101170545,1
LOC101170654,1
LOC101170991,1
LOC101170997,1
LOC101171598,1
LOC101171784,1
LOC101171817,1
LOC101172155,1
LOC101172187,1
LOC101172579,1
LOC101172742,1
LOC101172843,1
LOC101172968,1
LOC101173088,1
LOC101173301,1
LOC101173626,1
LOC101173729,1
LOC101173948,1
LOC101173988,1
LOC101174058,1
LOC101174230,1
LOC101174306,1
LOC101174406,1
LOC101174747,1
LOC101175696,1
LOC105354092,1
LOC105354409,1
LOC105354868,1
LOC105357584,1
LOC111948725,1
LOC111949064,1
lrch1,1
lrrfip2,1
mag,1
maml2,1
map3k7,1
mdfic,1
mrpl15,1
msto1,1
myh9,1
naga,1
ncln,1
nod2,1
nop56,1
npb,1
p2ry12,1
p2ry6,1
pacsin2,1
pcyt2,1
pdgfa,1
pdgfb,1
pfdn2,1
pfkp,1
pgs1,1
pla2g4a,1
plxnc1,1
pmvk,1
ppp1r9a,1
ppp2r3a,1
prmt2,1
prtg,1
ptpro,1
rab38,1
rai14,1
rasgef1b,1
rbmx,1
rhag,1
rsph1,1
sec14l2,1
sec24a,1
sfrp5,1
sh3glb2,1
slc13a4,1
slc23a1,1
slc28a1,1
sntb1,1
ssrp1,1
st6gal2,1
star,1
stau2,1
tgfb1i1,1
tie1,1
tmem106a,1
tmem106b,1
tmem158,1
tmem38b,1
tmod4,1
tp53i13,1
trhde,1
trpm7,1
tspan12,1
tti2,1
twistnb,1
tymp,1
tyrp1,1
usp10,1
usp43,1
vegfc,1
wdr17,1
wdr5,1
znf608,1
znf622,1
zufsp,1
