motif_ID	motif_ALT_ID	seq_ID	site_Start	site_End	site_Strand	site_Score	site_Sequence
MA1528.1	NFIX	NC_019868.2	12948832	12948848	-	19.05	CTGGGCACCGTGCCAGG
MA1528.1	NFIX	NC_019868.2	12948832	12948848	-	19.05	CTGGGCACCGTGCCAGG
MA1528.1	NFIX	NC_019868.2	12948832	12948848	-	19.05	CTGGGCACCGTGCCAGG
MA1528.1	NFIX	NC_019868.2	12948832	12948848	-	19.05	CTGGGCACCGTGCCAGG
MA1528.1	NFIX	NC_019868.2	12948832	12948848	-	19.05	CTGGGCACCGTGCCAGG
MA1528.1	NFIX	NC_019867.2	31676322	31676338	+	18.50	GGTGGCTAAGTGCCAAG
MA1528.1	NFIX	NC_019861.2	13196576	13196592	+	17.91	GTTGGCCTCCTGCCAGC
MA1528.1	NFIX	NC_019881.2	11783345	11783361	-	17.61	CCTGGCATGTTGCCAGG
MA1528.1	NFIX	NC_019872.2	21582055	21582071	+	17.50	TATGGCAGTATGCCAGG
MA1528.1	NFIX	NC_019859.2	6251246	6251262	+	17.47	TGTGGCACGGTGCCATG
MA1528.1	NFIX	NC_019871.2	14054475	14054491	+	17.44	GTTGGCAGCATGCCATT
MA1528.1	NFIX	NC_019871.2	14054475	14054491	+	17.44	GTTGGCAGCATGCCATT
MA1528.1	NFIX	NC_019874.2	18629225	18629241	+	17.28	CTTGGAAGGTTGCCAAC
MA1528.1	NFIX	NC_019870.2	27666233	27666249	+	17.21	CATGGCGGGCTGCCAAC
MA1528.1	NFIX	NC_019880.2	6611930	6611946	+	17.01	GTGGGCAGCCTGCCAAG
MA1528.1	NFIX	NC_019873.2	18999983	18999999	-	17.00	GATGGCGCGGGGCCAGT
MA1528.1	NFIX	NC_019865.2	832769	832785	+	16.99	CGTGGCTACGTGCCAAA
MA1528.1	NFIX	NC_019865.2	832769	832785	+	16.99	CGTGGCTACGTGCCAAA
MA1528.1	NFIX	NC_019874.2	29147541	29147557	-	16.95	TATGGCAGCTTGCCAGC
MA1528.1	NFIX	NC_019862.2	24284538	24284554	+	16.86	CTTGGATCGATGCCATC
MA1528.1	NFIX	NC_019863.2	29477796	29477812	+	16.82	GTTGGCGCCTTGCCCCC
MA1528.1	NFIX	NC_019877.2	9254703	9254719	+	16.78	CATGGCGACCTGCCAGC
MA1528.1	NFIX	NC_019877.2	9254703	9254719	+	16.78	CATGGCGACCTGCCAGC
MA1528.1	NFIX	NC_019868.2	22090036	22090052	+	16.72	ATTGGCTATTTGCCAGT
MA1528.1	NFIX	NC_019862.2	17296110	17296126	-	16.65	TGTGGCGCCGTGCCAAA
MA1528.1	NFIX	NC_019862.2	17296110	17296126	-	16.65	TGTGGCGCCGTGCCAAA
MA1528.1	NFIX	NC_019862.2	17296110	17296126	-	16.65	TGTGGCGCCGTGCCAAA
MA1528.1	NFIX	NC_019862.2	17296110	17296126	-	16.65	TGTGGCGCCGTGCCAAA
MA1528.1	NFIX	NC_019869.2	22834851	22834867	-	16.64	GGTGGCAATGTGCCACC
MA1528.1	NFIX	NC_019880.2	12794659	12794675	+	16.57	AGTGGCACTATGCCAGA
MA1528.1	NFIX	NC_019880.2	12794659	12794675	+	16.57	AGTGGCACTATGCCAGA
MA1528.1	NFIX	NC_019868.2	1378628	1378644	-	16.48	TCTGGCACGTTGCCAGA
MA1528.1	NFIX	NC_019874.2	18277348	18277364	+	16.43	ATTGGCTGAATGCCAGC
MA1528.1	NFIX	NC_019874.2	18277348	18277364	+	16.43	ATTGGCTGAATGCCAGC
MA1528.1	NFIX	NC_019859.2	24024168	24024184	+	16.29	ACTGGCTCTGTGCCAGG
MA1528.1	NFIX	NC_019864.2	16669815	16669831	-	16.23	GTTGGTAAGGTGCCAAG
MA1528.1	NFIX	NC_019882.2	3336085	3336101	+	16.06	CGTGGAGCCGTGCCAGG
MA1528.1	NFIX	NC_019867.2	9220413	9220429	+	16.05	CTTGGCCTCGTGCCCTA
MA1528.1	NFIX	NC_019867.2	9220413	9220429	+	16.05	CTTGGCCTCGTGCCCTA
MA1528.1	NFIX	NC_019863.2	12941669	12941685	-	16.00	TTTGGCCAGATGCCAGC
MA1528.1	NFIX	NC_019863.2	12941669	12941685	-	16.00	TTTGGCCAGATGCCAGC
MA1528.1	NFIX	NC_019876.2	10592286	10592302	+	15.98	TATGGCAAGTTGCCATA
MA1528.1	NFIX	NC_019874.2	5956445	5956461	+	15.97	CATGGCCCTGTGCCAGT
MA1528.1	NFIX	NC_019860.2	20942359	20942375	-	15.92	TGTGGCACTGTGCCATC
MA1528.1	NFIX	NC_019881.2	8361967	8361983	-	15.90	ATTGGCTAGCTGCCATT
MA1528.1	NFIX	NC_019865.2	12579761	12579777	-	15.85	CTGGGCATGGCGCCAGG
MA1528.1	NFIX	NC_019865.2	12579761	12579777	-	15.85	CTGGGCATGGCGCCAGG
MA1528.1	NFIX	NC_019865.2	12579761	12579777	-	15.85	CTGGGCATGGCGCCAGG
MA1528.1	NFIX	NC_019871.2	13123476	13123492	-	15.85	ACTGGCTTAGTGCCATG
MA1528.1	NFIX	NC_019879.2	21215762	21215778	-	15.82	CTTGGCCGTGTGCCCAC
MA1528.1	NFIX	NC_019879.2	21215762	21215778	-	15.82	CTTGGCCGTGTGCCCAC
MA1528.1	NFIX	NC_019869.2	11040059	11040075	-	15.82	ATGGGCTTGTTGCCAGG
MA1528.1	NFIX	NC_019867.2	32609562	32609578	+	15.81	CGTGGCGTCATGCCACC
MA1528.1	NFIX	NC_019871.2	27357570	27357586	+	15.76	TTTGGAGTGGTGCCAGT
MA1528.1	NFIX	NC_019871.2	27357570	27357586	+	15.76	TTTGGAGTGGTGCCAGT
MA1528.1	NFIX	NC_019872.2	2619709	2619725	+	15.75	TTTGGCTCCGAGCCAGT
MA1528.1	NFIX	NC_019867.2	1088956	1088972	+	15.68	TTTGGCGGCGAGCCAGA
MA1528.1	NFIX	NC_019862.2	1418750	1418766	-	15.67	GGTGGCTTATTGCCATC
MA1528.1	NFIX	NC_019879.2	20181121	20181137	+	15.59	AGTGGCAGGATGCCATG
MA1528.1	NFIX	NC_019879.2	20181121	20181137	+	15.59	AGTGGCAGGATGCCATG
MA1528.1	NFIX	NC_019879.2	20181121	20181137	+	15.59	AGTGGCAGGATGCCATG
MA1528.1	NFIX	NC_019866.2	15654471	15654487	+	15.59	GTGGGCCCTATGCCAGA
MA1528.1	NFIX	NC_019873.2	28130265	28130281	+	15.59	CGTGGCCCTCTGCCAGG
MA1528.1	NFIX	NC_019873.2	28130265	28130281	+	15.59	CGTGGCCCTCTGCCAGG
MA1528.1	NFIX	NC_019873.2	28130265	28130281	+	15.59	CGTGGCCCTCTGCCAGG
MA1528.1	NFIX	NC_019865.2	10025672	10025688	-	15.58	TTTGGCGAAATGCCAGA
MA1528.1	NFIX	NC_019877.2	2838463	2838479	-	15.56	GTTGGCTGGTAGCCATG
MA1528.1	NFIX	NC_019877.2	2838463	2838479	-	15.56	GTTGGCTGGTAGCCATG
MA1528.1	NFIX	NC_019877.2	2838463	2838479	-	15.56	GTTGGCTGGTAGCCATG
MA1528.1	NFIX	NC_019877.2	2838463	2838479	-	15.56	GTTGGCTGGTAGCCATG
MA1528.1	NFIX	NC_019877.2	2838463	2838479	-	15.56	GTTGGCTGGTAGCCATG
MA1528.1	NFIX	NC_019871.2	26968979	26968995	-	15.55	AGGGGCAAGGTGCCAAT
MA1528.1	NFIX	NC_019860.2	464877	464893	+	15.55	GTGGGCGCCGTGCCCAA
MA1528.1	NFIX	NC_019868.2	11408522	11408538	+	15.52	TTTGGCCTTGTGCCATA
MA1528.1	NFIX	NC_019874.2	22634891	22634907	+	15.44	CTTGGCACCGTGCCTTG
MA1528.1	NFIX	NC_019874.2	22634891	22634907	+	15.44	CTTGGCACCGTGCCTTG
MA1528.1	NFIX	NC_019874.2	22634891	22634907	+	15.44	CTTGGCACCGTGCCTTG
MA1528.1	NFIX	NC_019874.2	22634891	22634907	+	15.44	CTTGGCACCGTGCCTTG
MA1528.1	NFIX	NC_019868.2	4716919	4716935	-	15.41	GTCGGCACCCTGCCAAC
MA1528.1	NFIX	NC_019868.2	21406931	21406947	+	15.37	CGTGGCGAGGTGCCCAA
MA1528.1	NFIX	NC_019868.2	21406931	21406947	+	15.37	CGTGGCGAGGTGCCCAA
MA1528.1	NFIX	NC_019876.2	29121796	29121812	-	15.36	ATTGGCGGAGAGCCAGT
MA1528.1	NFIX	NC_019860.2	23200000	23200016	-	15.35	TTTGGCCCTTTGCCAGA
MA1528.1	NFIX	NC_019860.2	23200000	23200016	-	15.35	TTTGGCCCTTTGCCAGA
MA1528.1	NFIX	NC_019859.2	5243999	5244015	-	15.33	GATGGCCGATCGCCAGG
MA1528.1	NFIX	NC_019872.2	3363261	3363277	-	15.28	CTGGGCGTCCTGCCAGT
MA1528.1	NFIX	NC_019859.2	24703200	24703216	+	15.26	AATGGCTACATGCCAGT
MA1528.1	NFIX	NC_019869.2	21479099	21479115	+	15.24	TGTGGCTCCCTGCCAAC
MA1528.1	NFIX	NC_019877.2	11666982	11666998	-	15.24	GTTGGCAGATGGCCAGT
MA1528.1	NFIX	NC_019868.2	7844917	7844933	-	15.22	ATGGGCCCATTGCCAAG
MA1528.1	NFIX	NC_019867.2	19508944	19508960	-	15.16	TTTGGAAGGGTGCCAAA
MA1528.1	NFIX	NC_019863.2	30244135	30244151	-	15.15	GTGGGCTAGCTGCCATG
MA1528.1	NFIX	NC_019863.2	30244135	30244151	-	15.15	GTGGGCTAGCTGCCATG
MA1528.1	NFIX	NC_019872.2	26677469	26677485	+	15.06	GGTGGAACGCTGCCAAC
MA1528.1	NFIX	NC_019861.2	35569828	35569844	-	15.03	GCTGGCGTACTGCCACT
MA1528.1	NFIX	NC_019867.2	12666358	12666374	-	15.01	CTTGGCCCTATGCCCTC
MA1528.1	NFIX	NC_019867.2	12666358	12666374	-	15.01	CTTGGCCCTATGCCCTC
MA1528.1	NFIX	NC_019881.2	17308147	17308163	+	15.00	GTTGGCCTGCTGCCCAC
MA1528.1	NFIX	NC_019881.2	17308147	17308163	+	15.00	GTTGGCCTGCTGCCCAC
MA1528.1	NFIX	NC_019865.2	23156126	23156142	-	14.99	GTTGGAACGAAGCCAGC
MA1528.1	NFIX	NC_019865.2	23156126	23156142	-	14.99	GTTGGAACGAAGCCAGC
MA1528.1	NFIX	NC_019873.2	16049879	16049895	-	14.99	AGTGGCAGGCTGCCAGA
MA1528.1	NFIX	NC_019881.2	15711523	15711539	-	14.93	CTTGGCCTGTTGCCCAG
MA1528.1	NFIX	NC_019862.2	3341212	3341228	-	14.87	TGTGGCGTATTGCCATG
MA1528.1	NFIX	NC_019869.2	11328579	11328595	-	14.83	GTTGGCTCTCTGCCACA
MA1528.1	NFIX	NC_019869.2	11328579	11328595	-	14.83	GTTGGCTCTCTGCCACA
MA1528.1	NFIX	NC_019878.2	7567370	7567386	+	14.82	CGTGGCAGTCTGCCACG
MA1528.1	NFIX	NC_019869.2	26597892	26597908	+	14.81	GTGGGAAGTATGCCAAG
MA1528.1	NFIX	NC_019880.2	3359531	3359547	+	14.81	AATGGCCCCTTGCCACC
MA1528.1	NFIX	NC_019880.2	3359531	3359547	+	14.81	AATGGCCCCTTGCCACC
MA1528.1	NFIX	NC_019863.2	8480818	8480834	+	14.78	GTGGGCGGGTGGCCAGG
MA1528.1	NFIX	NC_019880.2	1872032	1872048	+	14.74	TTTGGCAGTAAGCCAGC
MA1528.1	NFIX	NC_019880.2	1872032	1872048	+	14.74	TTTGGCAGTAAGCCAGC
MA1528.1	NFIX	NC_019880.2	1872032	1872048	+	14.74	TTTGGCAGTAAGCCAGC
MA1528.1	NFIX	NC_019880.2	1872032	1872048	+	14.74	TTTGGCAGTAAGCCAGC
MA1528.1	NFIX	NC_019880.2	1872032	1872048	+	14.74	TTTGGCAGTAAGCCAGC
MA1528.1	NFIX	NC_019880.2	1872032	1872048	+	14.74	TTTGGCAGTAAGCCAGC
MA1528.1	NFIX	NC_019865.2	13607226	13607242	-	14.70	GTTGGAGGGCCGCCAAG
MA1528.1	NFIX	NC_019865.2	13607226	13607242	-	14.70	GTTGGAGGGCCGCCAAG
MA1528.1	NFIX	NC_019861.2	7328988	7329004	+	14.69	TTTGGCGTCAGGCCAGG
MA1528.1	NFIX	NC_019865.2	7333362	7333378	+	14.68	GTTGGAAAGCTGCCAGT
MA1528.1	NFIX	NC_019878.2	5627130	5627146	-	14.67	TTTGGCTCAGAGCCAAG
MA1528.1	NFIX	NC_019869.2	9605910	9605926	+	14.67	TTTGGCTCAGAGCCAAG
MA1528.1	NFIX	NC_019860.2	9373278	9373294	+	14.67	TTTGGCTCAGAGCCAAG
MA1528.1	NFIX	NC_019878.2	5627130	5627146	-	14.67	TTTGGCTCAGAGCCAAG
MA1528.1	NFIX	NC_019878.2	5627130	5627146	-	14.67	TTTGGCTCAGAGCCAAG
MA1528.1	NFIX	NC_019878.2	18357549	18357565	+	14.65	CATGGCGAAATGCCAGA
MA1528.1	NFIX	NC_019862.2	21053922	21053938	-	14.60	CTGGGCGCCGTGCCCAA
MA1528.1	NFIX	NC_019862.2	21053922	21053938	-	14.60	CTGGGCGCCGTGCCCAA
MA1528.1	NFIX	NC_019862.2	21053922	21053938	-	14.60	CTGGGCGCCGTGCCCAA
MA1528.1	NFIX	NC_019862.2	21053922	21053938	-	14.60	CTGGGCGCCGTGCCCAA
MA1528.1	NFIX	NC_019862.2	21053922	21053938	-	14.60	CTGGGCGCCGTGCCCAA
MA1528.1	NFIX	NC_019862.2	21053922	21053938	-	14.60	CTGGGCGCCGTGCCCAA
MA1528.1	NFIX	NC_019873.2	28459179	28459195	+	14.57	CTTGGCTGCCTGCCCAG
MA1528.1	NFIX	NC_019859.2	4229328	4229344	-	14.57	CTTGGCTCTGGGCCAAA
MA1528.1	NFIX	NC_019867.2	22375640	22375656	+	14.57	CTTGGCTCTGGGCCAAA
MA1528.1	NFIX	NC_019867.2	22375640	22375656	+	14.57	CTTGGCTCTGGGCCAAA
MA1528.1	NFIX	NC_019875.2	5543671	5543687	-	14.54	ATTGGAATTGTGCCAAA
MA1528.1	NFIX	NC_019874.2	6007950	6007966	-	14.52	GCTGGATTAGTGCCAGC
MA1528.1	NFIX	NC_019870.2	875523	875539	-	14.51	CTTGGATGGTTGCCATG
MA1528.1	NFIX	NC_019870.2	4185712	4185728	-	14.50	ATGGGCTTCATGCCAGT
MA1528.1	NFIX	NC_019881.2	21145769	21145785	-	14.43	CTTGGCTTCATGCCCTC
MA1528.1	NFIX	NC_019874.2	2146741	2146757	-	14.39	GTGGGATCGATGCCAGA
MA1528.1	NFIX	NC_019877.2	3894538	3894554	-	14.34	GCGGGCGGTCTGCCAGC
MA1528.1	NFIX	NC_019864.2	1643725	1643741	-	14.32	TTTGGACCAGTGCCAGG
MA1528.1	NFIX	NC_019872.2	23164006	23164022	+	14.29	GTTGGATCTATGCCACT
MA1528.1	NFIX	NC_019875.2	7059305	7059321	+	14.28	AATGGCTGCGTGCCACT
MA1528.1	NFIX	NC_019874.2	9824763	9824779	+	14.28	AGTGGAATCGTGCCATG
MA1528.1	NFIX	NC_019867.2	17839202	17839218	+	14.25	TTGGGCATCCTGCCACC
MA1528.1	NFIX	NC_019867.2	17839202	17839218	+	14.25	TTGGGCATCCTGCCACC
MA1528.1	NFIX	NC_019877.2	15384748	15384764	-	14.23	ACTGGACCGGTGCCAGC
MA1528.1	NFIX	NC_019877.2	15384748	15384764	-	14.23	ACTGGACCGGTGCCAGC
MA1528.1	NFIX	NC_019876.2	26474308	26474324	-	14.20	CTGGGCAGGTCGCCAGT
MA1528.1	NFIX	NC_019866.2	23839470	23839486	+	14.16	CGGGGCGGTCTGCCAGG
MA1528.1	NFIX	NC_019877.2	2264839	2264855	+	14.15	CCTGGCTTTCTGCCAGC
MA1528.1	NFIX	NC_019862.2	1509156	1509172	-	14.14	TTTGGCGGCCAGCCAGC
MA1528.1	NFIX	NC_019862.2	1509156	1509172	-	14.14	TTTGGCGGCCAGCCAGC
MA1528.1	NFIX	NC_019862.2	1509156	1509172	-	14.14	TTTGGCGGCCAGCCAGC
MA1528.1	NFIX	NC_019865.2	24052740	24052756	+	14.09	TTTGGCGAGATGCCTAC
MA1528.1	NFIX	NC_019865.2	32637332	32637348	-	14.08	CCTGGATCGCTGCCAAC
MA1528.1	NFIX	NC_019868.2	21556587	21556603	+	14.05	GCTGGCCAGCTGCCAGT
MA1528.1	NFIX	NC_019860.2	17103019	17103035	-	14.04	ATTGGCGTGATTCCAAC
MA1528.1	NFIX	NC_019880.2	16221357	16221373	+	14.03	TTTGGCCTGGTGCCCTC
MA1528.1	NFIX	NC_019863.2	25496954	25496970	-	13.97	CATGGCAGCCTGCCCGC
MA1528.1	NFIX	NC_019880.2	1872388	1872404	+	13.97	ATTGGAAAGTTGCCATG
MA1528.1	NFIX	NC_019880.2	1872388	1872404	+	13.97	ATTGGAAAGTTGCCATG
MA1528.1	NFIX	NC_019862.2	14714677	14714693	+	13.94	TTTGGATCTGTGCCAGT
MA1528.1	NFIX	NC_019863.2	524328	524344	+	13.88	CATGGCCATGTGCCAAA
MA1528.1	NFIX	NC_019863.2	524328	524344	+	13.88	CATGGCCATGTGCCAAA
MA1528.1	NFIX	NC_019863.2	5457118	5457134	-	13.88	TTTGGAGTCATGCCAGT
MA1528.1	NFIX	NC_019875.2	23361646	23361662	-	13.86	GTGGGCAGAGAGCCAGC
MA1528.1	NFIX	NC_019879.2	20508299	20508315	-	13.85	CGTGGATTCTTGCCAAG
MA1528.1	NFIX	NC_019867.2	500420	500436	+	13.85	GCTGGCCGGGTGCCCCC
MA1528.1	NFIX	NC_019879.2	21407503	21407519	-	13.84	TTTGGATCTTTGCCAAC
MA1528.1	NFIX	NC_019861.2	21024452	21024468	+	13.78	TTTGGATGGTTGCCAGT
MA1528.1	NFIX	NC_019879.2	13953481	13953497	+	13.75	GTTGGCTGGCTTCCAAG
MA1528.1	NFIX	NC_019879.2	13953481	13953497	+	13.75	GTTGGCTGGCTTCCAAG
MA1528.1	NFIX	NC_019881.2	5218960	5218976	-	13.73	CAGGGCAAGTTGCCATG
MA1528.1	NFIX	NC_019865.2	17067904	17067920	+	13.69	TTTGGCTGCATGCCCGA
MA1528.1	NFIX	NC_019870.2	3900114	3900130	-	13.69	GTTGGTGCGATGCCACG
MA1528.1	NFIX	NC_019874.2	7255765	7255781	+	13.61	TTTGGAGACCTGCCAGG
MA1528.1	NFIX	NC_019873.2	25714860	25714876	+	13.60	CATGGCGAGATGCCCAA
MA1528.1	NFIX	NC_019868.2	24853807	24853823	-	13.60	CATGGCGAGATGCCCAA
MA1528.1	NFIX	NC_019873.2	25714860	25714876	+	13.60	CATGGCGAGATGCCCAA
MA1528.1	NFIX	NC_019875.2	24434639	24434655	-	13.60	TTTGGCAGTTAGCCAGA
MA1528.1	NFIX	NC_019882.2	5543514	5543530	+	13.58	CTTGGAGGGCTGCCCGG
MA1528.1	NFIX	NC_019882.2	5543514	5543530	+	13.58	CTTGGAGGGCTGCCCGG
MA1528.1	NFIX	NC_019865.2	17113527	17113543	+	13.57	ATCGGCAGTGTGCCAAT
MA1528.1	NFIX	NC_019862.2	14826628	14826644	-	13.57	TTGGGCCAGATGCCAGT
MA1528.1	NFIX	NC_019881.2	6515901	6515917	-	13.54	GATGGAAAAGTGCCAAT
MA1528.1	NFIX	NC_019867.2	17022009	17022025	+	13.50	TTTGGCAGTCTGCCACA
MA1528.1	NFIX	NC_019860.2	13351586	13351602	-	13.45	TCTGGCTTTGTGCCATA
MA1528.1	NFIX	NC_019860.2	13351586	13351602	-	13.45	TCTGGCTTTGTGCCATA
MA1528.1	NFIX	NC_019864.2	16872536	16872552	-	13.45	TTTGGCTTAGGGCCATA
MA1528.1	NFIX	NC_019879.2	26210510	26210526	-	13.45	AATGGCTTTTTGCCAGC
MA1528.1	NFIX	NC_019879.2	26210510	26210526	-	13.45	AATGGCTTTTTGCCAGC
MA1528.1	NFIX	NC_019879.2	26210510	26210526	-	13.45	AATGGCTTTTTGCCAGC
MA1528.1	NFIX	NC_019880.2	28958905	28958921	-	13.44	TTGGGCGGGAAGCCAAC
MA1528.1	NFIX	NC_019869.2	26009671	26009687	+	13.44	TTGGGCGGGAAGCCAAC
MA1528.1	NFIX	NC_019863.2	20219504	20219520	+	13.43	CTTGGATCCGAGCCATG
MA1528.1	NFIX	NC_019870.2	26178289	26178305	+	13.38	AGTGGAAGGATGCCAAT
MA1528.1	NFIX	NC_019865.2	26698038	26698054	+	13.36	GGTGGAGCTGTGCCAGA
MA1528.1	NFIX	NC_019866.2	23122487	23122503	-	13.32	CAGGGCCAAGTGCCAGC
MA1528.1	NFIX	NC_019866.2	23122487	23122503	-	13.32	CAGGGCCAAGTGCCAGC
MA1528.1	NFIX	NC_019866.2	23122487	23122503	-	13.32	CAGGGCCAAGTGCCAGC
MA1528.1	NFIX	NC_019866.2	23122487	23122503	-	13.32	CAGGGCCAAGTGCCAGC
MA1528.1	NFIX	NC_019878.2	18282058	18282074	+	13.30	GCTGGCCTCCTGCCCGG
MA1528.1	NFIX	NC_019878.2	18282058	18282074	+	13.30	GCTGGCCTCCTGCCCGG
MA1528.1	NFIX	NC_019870.2	28787958	28787974	-	13.29	CTTGGAGTCACGCCAGC
MA1528.1	NFIX	NC_019870.2	28787958	28787974	-	13.29	CTTGGAGTCACGCCAGC
MA1528.1	NFIX	NC_019870.2	28787958	28787974	-	13.29	CTTGGAGTCACGCCAGC
MA1528.1	NFIX	NC_019870.2	28787958	28787974	-	13.29	CTTGGAGTCACGCCAGC
MA1528.1	NFIX	NC_019863.2	25496903	25496919	-	13.27	GCTGGCTTGCAGCCAGG
MA1528.1	NFIX	NC_019877.2	3354593	3354609	+	13.27	GGTGGCATTTTGCCACA
MA1528.1	NFIX	NC_019877.2	3354593	3354609	+	13.27	GGTGGCATTTTGCCACA
MA1528.1	NFIX	NC_019877.2	3354593	3354609	+	13.27	GGTGGCATTTTGCCACA
MA1528.1	NFIX	NC_019860.2	17052252	17052268	+	13.26	GATGGCCCAGGGCCAGA
MA1528.1	NFIX	NC_019860.2	17052252	17052268	+	13.26	GATGGCCCAGGGCCAGA
MA1528.1	NFIX	NC_019860.2	17052252	17052268	+	13.26	GATGGCCCAGGGCCAGA
MA1528.1	NFIX	NC_019860.2	17052252	17052268	+	13.26	GATGGCCCAGGGCCAGA
MA1528.1	NFIX	NC_019860.2	17052252	17052268	+	13.26	GATGGCCCAGGGCCAGA
MA1528.1	NFIX	NC_019880.2	4510295	4510311	-	13.25	TCTGGCCGCCTGCCAGA
MA1528.1	NFIX	NC_019865.2	1360952	1360968	+	13.25	GTGGGCGCAGAGCCACG
MA1528.1	NFIX	NC_019866.2	10215624	10215640	+	13.23	TGTGGCATGATGCCACA
MA1528.1	NFIX	NC_019859.2	32369561	32369577	-	13.21	CATGGCAGGGTGCCTGC
MA1528.1	NFIX	NC_019859.2	32369561	32369577	-	13.21	CATGGCAGGGTGCCTGC
MA1528.1	NFIX	NC_019859.2	32369561	32369577	-	13.21	CATGGCAGGGTGCCTGC
MA1528.1	NFIX	NC_019872.2	17355364	17355380	-	13.21	CTGGGCAGGGTGCCCTT
MA1528.1	NFIX	NC_019882.2	7620790	7620806	+	13.21	GTTGGATTTTTGCCAAT
MA1528.1	NFIX	NC_019865.2	30697422	30697438	-	13.20	CTTGGAAAACTGCCAGC
MA1528.1	NFIX	NC_019865.2	31866690	31866706	+	13.20	TTTGGCTGTTTGCCCGG
MA1528.1	NFIX	NC_019865.2	31866690	31866706	+	13.20	TTTGGCTGTTTGCCCGG
MA1528.1	NFIX	NC_019865.2	31866690	31866706	+	13.20	TTTGGCTGTTTGCCCGG
MA1528.1	NFIX	NC_019865.2	31866690	31866706	+	13.20	TTTGGCTGTTTGCCCGG
MA1528.1	NFIX	NC_019865.2	31866690	31866706	+	13.20	TTTGGCTGTTTGCCCGG
MA1528.1	NFIX	NC_019865.2	31866690	31866706	+	13.20	TTTGGCTGTTTGCCCGG
MA1528.1	NFIX	NC_019865.2	31866690	31866706	+	13.20	TTTGGCTGTTTGCCCGG
MA1528.1	NFIX	NC_019865.2	31866690	31866706	+	13.20	TTTGGCTGTTTGCCCGG
MA1528.1	NFIX	NC_019865.2	31866690	31866706	+	13.20	TTTGGCTGTTTGCCCGG
MA1528.1	NFIX	NC_019865.2	31866690	31866706	+	13.20	TTTGGCTGTTTGCCCGG
MA1528.1	NFIX	NC_019865.2	31866690	31866706	+	13.20	TTTGGCTGTTTGCCCGG
MA1528.1	NFIX	NC_019865.2	31866690	31866706	+	13.20	TTTGGCTGTTTGCCCGG
MA1528.1	NFIX	NC_019871.2	3722255	3722271	+	13.15	GATGGAGTTCTGCCAGC
MA1528.1	NFIX	NC_019878.2	9074494	9074510	-	13.15	GTTGGACCTCTGCCACG
MA1528.1	NFIX	NC_019878.2	9074494	9074510	-	13.15	GTTGGACCTCTGCCACG
MA1528.1	NFIX	NC_019878.2	9074494	9074510	-	13.15	GTTGGACCTCTGCCACG
MA1528.1	NFIX	NC_019863.2	2517895	2517911	-	13.15	GTGGGCTTTCTGCCATG
MA1528.1	NFIX	NC_019868.2	23655157	23655173	+	13.14	GAGGGCTTGCTGCCAGA
MA1528.1	NFIX	NC_019870.2	5433439	5433455	-	13.12	AATGGCTGAATGCCATC
MA1528.1	NFIX	NC_019865.2	29797705	29797721	-	13.12	GGTGGCAGAAGGCCAGT
MA1528.1	NFIX	NC_019865.2	29797705	29797721	-	13.12	GGTGGCAGAAGGCCAGT
MA1528.1	NFIX	NC_019865.2	29797705	29797721	-	13.12	GGTGGCAGAAGGCCAGT
MA1528.1	NFIX	NC_019865.2	29797705	29797721	-	13.12	GGTGGCAGAAGGCCAGT
MA1528.1	NFIX	NC_019865.2	29797705	29797721	-	13.12	GGTGGCAGAAGGCCAGT
MA1528.1	NFIX	NC_019865.2	29797705	29797721	-	13.12	GGTGGCAGAAGGCCAGT
MA1528.1	NFIX	NC_019865.2	29797705	29797721	-	13.12	GGTGGCAGAAGGCCAGT
MA1528.1	NFIX	NC_019865.2	29797705	29797721	-	13.12	GGTGGCAGAAGGCCAGT
MA1528.1	NFIX	NC_019865.2	29797705	29797721	-	13.12	GGTGGCAGAAGGCCAGT
MA1528.1	NFIX	NC_019865.2	29797705	29797721	-	13.12	GGTGGCAGAAGGCCAGT
MA1528.1	NFIX	NC_019865.2	29797705	29797721	-	13.12	GGTGGCAGAAGGCCAGT
MA1528.1	NFIX	NC_019865.2	29797705	29797721	-	13.12	GGTGGCAGAAGGCCAGT
MA1528.1	NFIX	NC_019865.2	29797705	29797721	-	13.12	GGTGGCAGAAGGCCAGT
MA1528.1	NFIX	NC_019865.2	29797705	29797721	-	13.12	GGTGGCAGAAGGCCAGT
MA1528.1	NFIX	NC_019865.2	29797705	29797721	-	13.12	GGTGGCAGAAGGCCAGT
MA1528.1	NFIX	NC_019865.2	29797705	29797721	-	13.12	GGTGGCAGAAGGCCAGT
MA1528.1	NFIX	NC_019865.2	29797705	29797721	-	13.12	GGTGGCAGAAGGCCAGT
MA1528.1	NFIX	NC_019873.2	5121814	5121830	+	13.11	TTGGGCGGGCAGCCAAG
MA1528.1	NFIX	NC_019873.2	5121814	5121830	+	13.11	TTGGGCGGGCAGCCAAG
MA1528.1	NFIX	NC_019873.2	5121814	5121830	+	13.11	TTGGGCGGGCAGCCAAG
MA1528.1	NFIX	NC_019864.2	24523836	24523852	+	13.09	GGTGGCTCAGGGCCACG
MA1528.1	NFIX	NC_019864.2	24523836	24523852	+	13.09	GGTGGCTCAGGGCCACG
MA1528.1	NFIX	NC_019864.2	24523836	24523852	+	13.09	GGTGGCTCAGGGCCACG
MA1528.1	NFIX	NC_019870.2	5438466	5438482	-	13.09	TGTGGCGAGGAGCCACG
MA1528.1	NFIX	NC_019871.2	738054	738070	+	13.08	GCTGGAGGAATGCCAGG
MA1528.1	NFIX	NC_019875.2	20642754	20642770	+	13.07	GTGGGATGGCTGCCAAG
MA1528.1	NFIX	NC_019882.2	14977844	14977860	+	13.05	GTTGGAAATTTGCCAAA
MA1528.1	NFIX	NC_019864.2	12382141	12382157	-	13.04	CTCGGCGCAGTGCCATA
MA1528.1	NFIX	NC_019864.2	12382141	12382157	-	13.04	CTCGGCGCAGTGCCATA
MA1528.1	NFIX	NC_019879.2	12292973	12292989	-	13.01	ATGGGCAATTAGCCAGG
MA1528.1	NFIX	NC_019868.2	4510238	4510254	-	13.00	CTTGGAAGTCTGCCATT
MA1528.1	NFIX	NC_019860.2	17799470	17799486	+	13.00	GTTGGCTTTCGGCCATT
MA1528.1	NFIX	NC_019860.2	17799470	17799486	+	13.00	GTTGGCTTTCGGCCATT
MA1528.1	NFIX	NC_019882.2	11426113	11426129	-	12.98	CTTGGTAAAGTGCCAGT
MA1528.1	NFIX	NC_019882.2	11426113	11426129	-	12.98	CTTGGTAAAGTGCCAGT
MA1528.1	NFIX	NC_019879.2	9251529	9251545	+	12.97	ATTGGCTGAAGGCCAAT
MA1528.1	NFIX	NC_019879.2	1179474	1179490	+	12.97	GTTGGAGATCGGCCAAC
MA1528.1	NFIX	NC_019867.2	20987965	20987981	+	12.95	CTGGGCCGCCTGCCAAA
MA1528.1	NFIX	NC_019876.2	12971861	12971877	+	12.94	CTGGGCTGGCTGCCAAA
MA1528.1	NFIX	NC_019874.2	1732976	1732992	-	12.93	CCTGGTACGGTGCCATG
MA1528.1	NFIX	NC_019877.2	17994625	17994641	-	12.93	ACTGGAGGGCTGCCAGG
MA1528.1	NFIX	NC_019877.2	17994625	17994641	-	12.93	ACTGGAGGGCTGCCAGG
MA1528.1	NFIX	NC_019869.2	12666129	12666145	+	12.92	GATGGAGCAGTGCCACT
MA1528.1	NFIX	NC_019874.2	16038412	16038428	+	12.86	TTTGGAAGCCTGCCATG
MA1528.1	NFIX	NC_019867.2	20495747	20495763	+	12.85	TTTGGCTGATTGCCACA
MA1528.1	NFIX	NC_019875.2	1269368	1269384	-	12.82	CTGGGCGGCGAGCCACT
MA1528.1	NFIX	NC_019859.2	5293337	5293353	-	12.81	AATGGCTTCGCGCCACT
MA1528.1	NFIX	NC_019872.2	17333663	17333679	+	12.81	CTTGGCTGGCCGCCCGT
MA1528.1	NFIX	NC_019872.2	17333663	17333679	+	12.81	CTTGGCTGGCCGCCCGT
MA1528.1	NFIX	NC_019872.2	17333663	17333679	+	12.81	CTTGGCTGGCCGCCCGT
MA1528.1	NFIX	NC_019872.2	17333663	17333679	+	12.81	CTTGGCTGGCCGCCCGT
MA1528.1	NFIX	NC_019872.2	17333663	17333679	+	12.81	CTTGGCTGGCCGCCCGT
MA1528.1	NFIX	NC_019879.2	28787946	28787962	+	12.81	CTTGGTGCCCTGCCAGC
MA1528.1	NFIX	NC_019869.2	22979719	22979735	-	12.80	GCTGGACCGGCGCCAGG
MA1528.1	NFIX	NC_019863.2	17025605	17025621	+	12.79	TATGGAAACCTGCCAAG
MA1528.1	NFIX	NC_019863.2	17025605	17025621	+	12.79	TATGGAAACCTGCCAAG
MA1528.1	NFIX	NC_019875.2	23444077	23444093	+	12.78	TAGGGCTGGATGCCATG
MA1528.1	NFIX	NC_019871.2	30296242	30296258	-	12.77	GTGGGCTGTGTGCCCAG
MA1528.1	NFIX	NC_019881.2	4876321	4876337	-	12.77	CTGGGCTTGTTGCCCGT
MA1528.1	NFIX	NC_019875.2	1271398	1271414	-	12.74	AATGGCTGTTTGCCATC
MA1528.1	NFIX	NC_019878.2	1653662	1653678	+	12.73	CCTGGAAAGGTGCCATA
MA1528.1	NFIX	NC_019880.2	12436949	12436965	+	12.72	TTTGGCTCATGGCCAGT
MA1528.1	NFIX	NC_019873.2	12601960	12601976	+	12.71	CAGGGCTTCCTGCCAGC
MA1528.1	NFIX	NC_019860.2	2717678	2717694	-	12.71	CATGGCGACAAGCCAGA
MA1528.1	NFIX	NC_019860.2	2717678	2717694	-	12.71	CATGGCGACAAGCCAGA
MA1528.1	NFIX	NC_019860.2	2717678	2717694	-	12.71	CATGGCGACAAGCCAGA
MA1528.1	NFIX	NC_019874.2	13198525	13198541	+	12.70	TTGGGCGTCTCGCCATG
MA1528.1	NFIX	NC_019873.2	8001100	8001116	+	12.70	TTGGGCGTCTCGCCATG
MA1528.1	NFIX	NC_019870.2	6837563	6837579	-	12.70	TTGGGCGTCTCGCCATG
MA1528.1	NFIX	NC_019869.2	15915531	15915547	-	12.70	TTGGGCGTCTCGCCATG
MA1528.1	NFIX	NC_019874.2	13198525	13198541	+	12.70	TTGGGCGTCTCGCCATG
MA1528.1	NFIX	NC_019869.2	15915531	15915547	-	12.70	TTGGGCGTCTCGCCATG
MA1528.1	NFIX	NC_019862.2	18044582	18044598	-	12.70	TTGGGCGTCTCGCCATG
MA1528.1	NFIX	NC_019862.2	25919868	25919884	+	12.70	TTGGGCGTCTCGCCATG
MA1528.1	NFIX	NC_019876.2	20513307	20513323	+	12.70	TTGGGCGTCTCGCCATG
MA1528.1	NFIX	NC_019862.2	18044582	18044598	-	12.70	TTGGGCGTCTCGCCATG
MA1528.1	NFIX	NC_019865.2	31594965	31594981	-	12.70	TTGGGCGTCTCGCCATG
MA1528.1	NFIX	NC_019865.2	27947207	27947223	-	12.70	TTGGGCGTCTCGCCATG
MA1528.1	NFIX	NC_019865.2	24139971	24139987	+	12.70	TTGGGCGTCTCGCCATG
MA1528.1	NFIX	NC_019864.2	20071929	20071945	+	12.70	TTGGGCGTCTCGCCATG
MA1528.1	NFIX	NC_019863.2	10915939	10915955	+	12.70	TTGGGCGTCTCGCCATG
MA1528.1	NFIX	NC_019866.2	17450626	17450642	+	12.70	TTGGGCGTCTCGCCATG
MA1528.1	NFIX	NC_019866.2	17450626	17450642	+	12.70	TTGGGCGTCTCGCCATG
MA1528.1	NFIX	NC_019877.2	6577265	6577281	+	12.70	TTGGGCGTCTCGCCATG
MA1528.1	NFIX	NC_019865.2	24139971	24139987	+	12.70	TTGGGCGTCTCGCCATG
MA1528.1	NFIX	NC_019878.2	2192032	2192048	-	12.70	TTGGGCGTCTCGCCATG
MA1528.1	NFIX	NC_019862.2	18044582	18044598	-	12.70	TTGGGCGTCTCGCCATG
MA1528.1	NFIX	NC_019863.2	10915939	10915955	+	12.70	TTGGGCGTCTCGCCATG
MA1528.1	NFIX	NC_019874.2	13198525	13198541	+	12.70	TTGGGCGTCTCGCCATG
MA1528.1	NFIX	NC_019881.2	24371382	24371398	+	12.70	TTGGGCGTCTCGCCATG
MA1528.1	NFIX	NC_019862.2	25919868	25919884	+	12.70	TTGGGCGTCTCGCCATG
MA1528.1	NFIX	NC_019862.2	18044582	18044598	-	12.70	TTGGGCGTCTCGCCATG
MA1528.1	NFIX	NC_019879.2	4058894	4058910	+	12.70	TTGGGCGTCTCGCCATG
MA1528.1	NFIX	NC_019881.2	9414435	9414451	-	12.70	TTGGGCGTCTCGCCATG
MA1528.1	NFIX	NC_019862.2	19033219	19033235	-	12.70	TTGGGCGTCTCGCCATG
MA1528.1	NFIX	NC_019865.2	27947207	27947223	-	12.70	TTGGGCGTCTCGCCATG
MA1528.1	NFIX	NC_019862.2	19033219	19033235	-	12.70	TTGGGCGTCTCGCCATG
MA1528.1	NFIX	NC_019864.2	20071929	20071945	+	12.70	TTGGGCGTCTCGCCATG
MA1528.1	NFIX	NC_019862.2	19032105	19032121	-	12.70	TTGGGCGTCTCGCCATG
MA1528.1	NFIX	NC_019875.2	1269354	1269370	+	12.68	ACGGGCTCAATGCCAGT
MA1528.1	NFIX	NC_019876.2	17428722	17428738	+	12.67	ATCGGATCGGTGCCAGC
MA1528.1	NFIX	NC_019876.2	17428722	17428738	+	12.67	ATCGGATCGGTGCCAGC
MA1528.1	NFIX	NC_019876.2	17428722	17428738	+	12.67	ATCGGATCGGTGCCAGC
MA1528.1	NFIX	NC_019876.2	17428722	17428738	+	12.67	ATCGGATCGGTGCCAGC
MA1528.1	NFIX	NC_019880.2	12436683	12436699	+	12.65	GATGGCCGAGTGCCTGG
MA1528.1	NFIX	NC_019870.2	18484561	18484577	+	12.64	CATGGCGCCGTGCCTGT
MA1528.1	NFIX	NC_019881.2	6231124	6231140	-	12.62	CTTGGCTGTCAGCCAGT
MA1528.1	NFIX	NC_019862.2	29528564	29528580	-	12.61	CATGGAAACGTGCCAAA
MA1528.1	NFIX	NC_019862.2	29528564	29528580	-	12.61	CATGGAAACGTGCCAAA
MA1528.1	NFIX	NC_019862.2	29528564	29528580	-	12.61	CATGGAAACGTGCCAAA
MA1528.1	NFIX	NC_019868.2	924740	924756	+	12.58	CCGGGCGGTGTGCCCGT
MA1528.1	NFIX	NC_019869.2	17822778	17822794	+	12.58	TATGGCCAATTGCCATT
MA1528.1	NFIX	NC_019874.2	7438345	7438361	-	12.57	TTTGGAGAAATGCCAGG
MA1528.1	NFIX	NC_019864.2	4025970	4025986	+	12.56	GGTGGTTCCGTGCCAAC
MA1528.1	NFIX	NC_019868.2	12417126	12417142	+	12.55	CATGGAGCGGGGCCAGC
MA1528.1	NFIX	NC_019862.2	26859980	26859996	+	12.53	TGTGGCCGACTGCCAAA
MA1528.1	NFIX	NC_019882.2	21710839	21710855	-	12.53	GTTGGCCCTGTGCCTGA
MA1528.1	NFIX	NC_019876.2	6177737	6177753	-	12.52	ATTGGCTTCAAGCCACT
MA1528.1	NFIX	NC_019861.2	18695807	18695823	+	12.51	TTCGGCGTCTTGCCATC
MA1528.1	NFIX	NC_019866.2	19750390	19750406	+	12.50	TAGGGCTAAATGCCAAT
MA1528.1	NFIX	NC_019861.2	8348730	8348746	-	12.49	GGTGGCCTATTGCCCTA
MA1528.1	NFIX	NC_019871.2	29771862	29771878	-	12.47	GGGGGCGGCAGGCCAAG
MA1528.1	NFIX	NC_019861.2	14028798	14028814	-	12.46	CATGGAGCTGTGCCATG
MA1528.1	NFIX	NC_019878.2	16054322	16054338	+	12.42	AGTGGCTCTCCGCCAGC
MA1528.1	NFIX	NC_019881.2	6761823	6761839	-	12.42	CTGGGCTTAGGGCCAGA
MA1528.1	NFIX	NC_019881.2	6761823	6761839	-	12.42	CTGGGCTTAGGGCCAGA
MA1528.1	NFIX	NC_019881.2	6761823	6761839	-	12.42	CTGGGCTTAGGGCCAGA
MA1528.1	NFIX	NC_019881.2	6761823	6761839	-	12.42	CTGGGCTTAGGGCCAGA
MA1528.1	NFIX	NC_019881.2	6761823	6761839	-	12.42	CTGGGCTTAGGGCCAGA
MA1528.1	NFIX	NC_019881.2	6761823	6761839	-	12.42	CTGGGCTTAGGGCCAGA
MA1528.1	NFIX	NC_019881.2	6761823	6761839	-	12.42	CTGGGCTTAGGGCCAGA
MA1528.1	NFIX	NC_019881.2	6761823	6761839	-	12.42	CTGGGCTTAGGGCCAGA
MA1528.1	NFIX	NC_019881.2	6761823	6761839	-	12.42	CTGGGCTTAGGGCCAGA
MA1528.1	NFIX	NC_019881.2	6761823	6761839	-	12.42	CTGGGCTTAGGGCCAGA
MA1528.1	NFIX	NC_019881.2	6761823	6761839	-	12.42	CTGGGCTTAGGGCCAGA
MA1528.1	NFIX	NC_019869.2	7540928	7540944	+	12.42	TATGGCCACCTGCCACT
MA1528.1	NFIX	NC_019871.2	22509885	22509901	+	12.41	TTTGGCCTCTTGCCCTG
MA1528.1	NFIX	NC_019873.2	29053191	29053207	-	12.40	ATTGGCGCCTTTCCACG
MA1528.1	NFIX	NC_019873.2	29053191	29053207	-	12.40	ATTGGCGCCTTTCCACG
MA1528.1	NFIX	NC_019873.2	29053191	29053207	-	12.40	ATTGGCGCCTTTCCACG
MA1528.1	NFIX	NC_019867.2	29783210	29783226	+	12.40	GCGGGTAGGGTGCCAGG
MA1528.1	NFIX	NC_019867.2	29783210	29783226	+	12.40	GCGGGTAGGGTGCCAGG
MA1528.1	NFIX	NC_019874.2	5308507	5308523	-	12.39	GTTGGAACAGAGCCAGA
MA1528.1	NFIX	NC_019882.2	7765261	7765277	-	12.37	TCTGGCAGAGTGCCTAG
MA1528.1	NFIX	NC_019882.2	7765261	7765277	-	12.37	TCTGGCAGAGTGCCTAG
MA1528.1	NFIX	NC_019880.2	17625821	17625837	-	12.36	ACTGGATCGGGGCCAGC
MA1528.1	NFIX	NC_019881.2	16861459	16861475	-	12.32	ATTGGATCATTGCCACT
MA1528.1	NFIX	NC_019878.2	20941930	20941946	-	12.31	GGTGGCAGAATGCCTAC
MA1528.1	NFIX	NC_019869.2	27906369	27906385	+	12.31	TGGGGCTCTGTGCCATC
MA1528.1	NFIX	NC_019862.2	1968231	1968247	+	12.30	TTTGGTAATGTGCCAAC
MA1528.1	NFIX	NC_019880.2	14713171	14713187	+	12.30	GAGGGCGTGAGGCCAGC
MA1528.1	NFIX	NC_019868.2	19066356	19066372	-	12.30	TTTGGCTGACTGCCCGT
MA1528.1	NFIX	NC_019868.2	19066356	19066372	-	12.30	TTTGGCTGACTGCCCGT
MA1528.1	NFIX	NC_019878.2	6494403	6494419	-	12.29	CCTGGACTGGTGCCATG
MA1528.1	NFIX	NC_019878.2	6494403	6494419	-	12.29	CCTGGACTGGTGCCATG
MA1528.1	NFIX	NC_019878.2	6494403	6494419	-	12.29	CCTGGACTGGTGCCATG
MA1528.1	NFIX	NC_019877.2	25337323	25337339	+	12.23	ATGGGCAGGCAGCCAGC
MA1528.1	NFIX	NC_019877.2	25337323	25337339	+	12.23	ATGGGCAGGCAGCCAGC
MA1528.1	NFIX	NC_019864.2	26273182	26273198	+	12.21	GTTGGAGGTTAGCCATC
MA1528.1	NFIX	NC_019864.2	26273182	26273198	+	12.21	GTTGGAGGTTAGCCATC
MA1528.1	NFIX	NC_019874.2	22471354	22471370	+	12.20	CGTGGCTCTGCGCCCGC
MA1528.1	NFIX	NC_019865.2	21277192	21277208	-	12.19	GCTGGCCAGGAGCCAGA
MA1528.1	NFIX	NC_019865.2	21277192	21277208	-	12.19	GCTGGCCAGGAGCCAGA
MA1528.1	NFIX	NC_019871.2	26969046	26969062	+	12.18	GGTGGACGGTTGCCACC
MA1528.1	NFIX	NC_019865.2	9773842	9773858	+	12.16	ATTGGAAAGCTGCCATA
MA1528.1	NFIX	NC_019879.2	25795906	25795922	-	12.15	AATGGCTACATGCCCAT
MA1528.1	NFIX	NC_019865.2	13465427	13465443	-	12.13	CATGGCTTGCGGCCAGA
MA1528.1	NFIX	NC_019875.2	29867435	29867451	+	12.13	ATTGGAAACCCGCCAGG
MA1528.1	NFIX	NC_019872.2	16964839	16964855	-	12.13	GGTGGCTTTAGGCCAGA
MA1528.1	NFIX	NC_019874.2	30998754	30998770	+	12.13	TTGGGAATCCTGCCAGC
MA1528.1	NFIX	NC_019874.2	30998754	30998770	+	12.13	TTGGGAATCCTGCCAGC
MA1528.1	NFIX	NC_019867.2	32119628	32119644	-	12.12	GTTGGAGTGAAGCCATG
MA1528.1	NFIX	NC_019869.2	13986331	13986347	-	12.12	TATGGCGAGACGCCCGA
MA1528.1	NFIX	NC_019881.2	167816	167832	-	12.11	GCTGGATATCTGCCAAC
MA1528.1	NFIX	NC_019881.2	167816	167832	-	12.11	GCTGGATATCTGCCAAC
MA1528.1	NFIX	NC_019859.2	15734951	15734967	+	12.11	TTTGGAACAGAGCCAAG
MA1528.1	NFIX	NC_019867.2	7540628	7540644	-	12.11	ATTGGCCTGGAGCCACA
MA1528.1	NFIX	NC_019874.2	24734541	24734557	+	12.09	TTTGGCAGGGTTCCATT
MA1528.1	NFIX	NC_019875.2	13878797	13878813	-	12.08	GTTGGTAATCTGCCAAT
MA1528.1	NFIX	NC_019875.2	13878797	13878813	-	12.08	GTTGGTAATCTGCCAAT
MA1528.1	NFIX	NC_019875.2	13878797	13878813	-	12.08	GTTGGTAATCTGCCAAT
MA1528.1	NFIX	NC_019870.2	9264408	9264424	-	12.07	TTGGGCTTTGTGCCCAG
MA1528.1	NFIX	NC_019867.2	23657287	23657303	-	12.07	TGTGGAGTGTTGCCAGT
MA1528.1	NFIX	NC_019878.2	15105959	15105975	+	12.07	TTTGGTGTGGTGCCAGT
MA1528.1	NFIX	NC_019878.2	17097832	17097848	+	12.06	CTTGGCGGTGGGCCCCT
MA1528.1	NFIX	NC_019871.2	6441154	6441170	+	12.05	TATGGCTTGAGGCCATG
MA1528.1	NFIX	NC_019861.2	2147130	2147146	+	12.05	GTCGGCCTGATGCCATG
MA1528.1	NFIX	NC_019877.2	19797671	19797687	+	12.04	GTGGGCCTGAAGCCAAT
MA1528.1	NFIX	NC_019872.2	6450714	6450730	-	12.04	TTTGGATAAATGCCAGC
MA1528.1	NFIX	NC_019861.2	10438532	10438548	-	12.04	GTGGGCGTGAAGCCATT
MA1528.1	NFIX	NC_019881.2	22210016	22210032	+	12.01	GGGGGCGGTGTGCCCAA
MA1528.1	NFIX	NC_019881.2	22210016	22210032	+	12.01	GGGGGCGGTGTGCCCAA
MA1528.1	NFIX	NC_019859.2	34794998	34795014	-	12.01	TGTGGCTGAATGCCAAA
MA1528.1	NFIX	NC_019869.2	21287919	21287935	+	12.00	TTTGGCGGGATGCCTTG
MA1528.1	NFIX	NC_019882.2	7307965	7307981	-	11.99	GGTGGAGTGGAGCCAGT
MA1528.1	NFIX	NC_019873.2	18999719	18999735	-	11.99	GATGGCTGACGGCCAGT
MA1528.1	NFIX	NC_019873.2	18999719	18999735	-	11.99	GATGGCTGACGGCCAGT
MA1528.1	NFIX	NC_019873.2	18999719	18999735	-	11.99	GATGGCTGACGGCCAGT
MA1528.1	NFIX	NC_019873.2	18999719	18999735	-	11.99	GATGGCTGACGGCCAGT
MA1528.1	NFIX	NC_019882.2	4691976	4691992	+	11.98	AGTGGCTGCGAGCCATA
MA1528.1	NFIX	NC_019880.2	25284335	25284351	-	11.98	GTTGGCATGGAGCCTCG
MA1528.1	NFIX	NC_019860.2	17473168	17473184	+	11.95	GCTGGAACGCGGCCAGG
MA1528.1	NFIX	NC_019860.2	17473168	17473184	+	11.95	GCTGGAACGCGGCCAGG
MA1528.1	NFIX	NC_019860.2	17473168	17473184	+	11.95	GCTGGAACGCGGCCAGG
MA1528.1	NFIX	NC_019864.2	5019191	5019207	-	11.94	GGTGGAGCTTCGCCAGC
MA1528.1	NFIX	NC_019864.2	5019191	5019207	-	11.94	GGTGGAGCTTCGCCAGC
MA1528.1	NFIX	NC_019861.2	27176071	27176087	-	11.94	CTTGGCTCAGTGCCTCC
MA1528.1	NFIX	NC_019882.2	13174767	13174783	-	11.94	GGTGGCAGTATTCCAGT
MA1528.1	NFIX	NC_019882.2	13174767	13174783	-	11.94	GGTGGCAGTATTCCAGT
MA1528.1	NFIX	NC_019864.2	17036487	17036503	-	11.94	GTGGGCAGCTGGCCAGA
MA1528.1	NFIX	NC_019864.2	17036487	17036503	-	11.94	GTGGGCAGCTGGCCAGA
MA1528.1	NFIX	NC_019874.2	29337222	29337238	+	11.93	TGTGGCTAGCTGCCACA
MA1528.1	NFIX	NC_019868.2	5658791	5658807	-	11.93	CTCGGCACGATGCCCTC
MA1528.1	NFIX	NC_019868.2	5658791	5658807	-	11.93	CTCGGCACGATGCCCTC
MA1528.1	NFIX	NC_019868.2	5658791	5658807	-	11.93	CTCGGCACGATGCCCTC
MA1528.1	NFIX	NC_019868.2	5658791	5658807	-	11.93	CTCGGCACGATGCCCTC
MA1528.1	NFIX	NC_019868.2	5658791	5658807	-	11.93	CTCGGCACGATGCCCTC
MA1528.1	NFIX	NC_019868.2	5658791	5658807	-	11.93	CTCGGCACGATGCCCTC
MA1528.1	NFIX	NC_019868.2	5658791	5658807	-	11.93	CTCGGCACGATGCCCTC
MA1528.1	NFIX	NC_019868.2	5658791	5658807	-	11.93	CTCGGCACGATGCCCTC
MA1528.1	NFIX	NC_019868.2	20488984	20489000	+	11.93	TGTGGACCCATGCCAAC
MA1528.1	NFIX	NC_019879.2	6719145	6719161	+	11.90	CAGGGAAGAGTGCCAAC
MA1528.1	NFIX	NC_019877.2	24316348	24316364	-	11.90	GTTGGTATGGAGCCAGT
MA1528.1	NFIX	NC_019877.2	24316348	24316364	-	11.90	GTTGGTATGGAGCCAGT
MA1528.1	NFIX	NC_019877.2	24316348	24316364	-	11.90	GTTGGTATGGAGCCAGT
MA1528.1	NFIX	NC_019874.2	29201026	29201042	+	11.89	CACGGCAGGATGCCAAC
MA1528.1	NFIX	NC_019878.2	18336764	18336780	-	11.89	GTTGGCTGCCTTCCAGA
MA1528.1	NFIX	NC_019881.2	19251522	19251538	+	11.88	ATTGGCTCATGGCCATT
MA1528.1	NFIX	NC_019878.2	24023156	24023172	-	11.88	CCGGGCTGCCTGCCACG
MA1528.1	NFIX	NC_019879.2	27179201	27179217	-	11.87	TGTGGATCCGTGCCCGG
MA1528.1	NFIX	NC_019859.2	13839036	13839052	-	11.86	TTTGGACCAATGCCAGA
MA1528.1	NFIX	NC_019862.2	16137943	16137959	+	11.85	GGCGGCGTCATGCCAGC
MA1528.1	NFIX	NC_019859.2	35254009	35254025	-	11.84	TTTGGCGTTCTGCCCTT
MA1528.1	NFIX	NC_019859.2	35254009	35254025	-	11.84	TTTGGCGTTCTGCCCTT
MA1528.1	NFIX	NC_019874.2	1226804	1226820	-	11.84	GATGGCTGTCTGCCACA
MA1528.1	NFIX	NC_019862.2	27293078	27293094	+	11.81	TTTGGCATCGTGCCTCA
MA1528.1	NFIX	NC_019862.2	27293078	27293094	+	11.81	TTTGGCATCGTGCCTCA
MA1528.1	NFIX	NC_019862.2	27293078	27293094	+	11.81	TTTGGCATCGTGCCTCA
MA1528.1	NFIX	NC_019865.2	3680207	3680223	-	11.80	ATCGGCGCTGCGCCAGC
MA1528.1	NFIX	NC_019874.2	25494022	25494038	-	11.80	GATGGACTTGTGCCATT
MA1528.1	NFIX	NC_019874.2	25494022	25494038	-	11.80	GATGGACTTGTGCCATT
MA1528.1	NFIX	NC_019860.2	11286134	11286150	+	11.79	CTTGGCTCGAGGCCTGC
MA1528.1	NFIX	NC_019880.2	12576950	12576966	-	11.79	GATGGCTGAATGCCCAA
MA1528.1	NFIX	NC_019863.2	11172657	11172673	-	11.78	TAGGGCATGTGGCCAGC
MA1528.1	NFIX	NC_019863.2	11172657	11172673	-	11.78	TAGGGCATGTGGCCAGC
MA1528.1	NFIX	NC_019881.2	5082911	5082927	+	11.78	TTTGGATTCTTGCCATT
MA1528.1	NFIX	NC_019882.2	22960618	22960634	+	11.77	TTGGGCATAAAGCCAGC
MA1528.1	NFIX	NC_019882.2	22960618	22960634	+	11.77	TTGGGCATAAAGCCAGC
MA1528.1	NFIX	NC_019876.2	4463717	4463733	+	11.76	GGTGGAGGAGGGCCAAC
MA1528.1	NFIX	NC_019861.2	11466287	11466303	+	11.75	TTAGGCTATATGCCAAG
MA1528.1	NFIX	NC_019864.2	13625126	13625142	-	11.74	ATTGGCTATCGGCCACA
MA1528.1	NFIX	NC_019882.2	298541	298557	-	11.74	TTGGGAATCGTGCCACA
MA1528.1	NFIX	NC_019882.2	298541	298557	-	11.74	TTGGGAATCGTGCCACA
MA1528.1	NFIX	NC_019859.2	891753	891769	-	11.73	GTGGGCTTCCTGCCCCG
MA1528.1	NFIX	NC_019875.2	19100707	19100723	-	11.73	CAGGGCCAGCTGCCAAC
MA1528.1	NFIX	NC_019864.2	29395715	29395731	-	11.73	TGTGGCCTGCTGCCCGG
MA1528.1	NFIX	NC_019877.2	16364221	16364237	-	11.72	ACTGGAGCTCTGCCAGC
MA1528.1	NFIX	NC_019877.2	16364221	16364237	-	11.72	ACTGGAGCTCTGCCAGC
MA1528.1	NFIX	NC_019874.2	30169778	30169794	-	11.72	CGGGGCGGCGAGCCCGG
MA1528.1	NFIX	NC_019879.2	19676321	19676337	-	11.72	CATGGACTGCTGCCAGG
MA1528.1	NFIX	NC_019875.2	18436605	18436621	+	11.71	ACTGGAGTACTGCCAGA
MA1528.1	NFIX	NC_019875.2	18436605	18436621	+	11.71	ACTGGAGTACTGCCAGA
MA1528.1	NFIX	NC_019875.2	18436605	18436621	+	11.71	ACTGGAGTACTGCCAGA
MA1528.1	NFIX	NC_019875.2	18436605	18436621	+	11.71	ACTGGAGTACTGCCAGA
MA1528.1	NFIX	NC_019875.2	15831594	15831610	+	11.66	GGAGGCTTGGTGCCAGC
MA1528.1	NFIX	NC_019865.2	25741267	25741283	-	11.64	AGTGGAGTTCTGCCAGC
MA1528.1	NFIX	NC_019865.2	25741267	25741283	-	11.64	AGTGGAGTTCTGCCAGC
MA1528.1	NFIX	NC_019867.2	27788718	27788734	+	11.63	GAGGGCGGAGGGCCAGA
MA1528.1	NFIX	NC_019867.2	16862086	16862102	-	11.63	TTGGGCAAAATGCCACT
MA1528.1	NFIX	NC_019859.2	34545117	34545133	+	11.63	TTTGGAACAGTGCCCAT
MA1528.1	NFIX	NC_019882.2	22828520	22828536	-	11.63	GGGGGCAGACTGCCACT
MA1528.1	NFIX	NC_019882.2	22828520	22828536	-	11.63	GGGGGCAGACTGCCACT
MA1528.1	NFIX	NC_019882.2	22828520	22828536	-	11.63	GGGGGCAGACTGCCACT
MA1528.1	NFIX	NC_019882.2	22828520	22828536	-	11.63	GGGGGCAGACTGCCACT
MA1528.1	NFIX	NC_019882.2	8986277	8986293	+	11.61	ACTGGCCCGATGCCTGG
MA1528.1	NFIX	NC_019882.2	8986277	8986293	+	11.61	ACTGGCCCGATGCCTGG
MA1528.1	NFIX	NC_019882.2	8986277	8986293	+	11.61	ACTGGCCCGATGCCTGG
MA1528.1	NFIX	NC_019861.2	4530957	4530973	-	11.61	GGTGGAGCCCCGCCAGT
MA1528.1	NFIX	NC_019866.2	21847656	21847672	+	11.60	GGTGGATGCTCGCCAGG
MA1528.1	NFIX	NC_019865.2	20245128	20245144	-	11.60	TTTGGAGGGGAGCCAGA
MA1528.1	NFIX	NC_019875.2	3762224	3762240	-	11.59	GGTGGCCCCACGCCCGT
MA1528.1	NFIX	NC_019875.2	3762224	3762240	-	11.59	GGTGGCCCCACGCCCGT
MA1528.1	NFIX	NC_019875.2	3762224	3762240	-	11.59	GGTGGCCCCACGCCCGT
MA1528.1	NFIX	NC_019873.2	29484394	29484410	+	11.59	CTGGGCTTCAGGCCAGC
MA1528.1	NFIX	NC_019871.2	16094	16110	-	11.58	GTGGGCTGGAGGCCAGA
MA1528.1	NFIX	NC_019865.2	17126093	17126109	+	11.58	CTGGGCCACTTGCCACA
MA1528.1	NFIX	NC_019871.2	18627190	18627206	-	11.58	ATTGGTAATGTGCCATG
MA1528.1	NFIX	NC_019871.2	18627190	18627206	-	11.58	ATTGGTAATGTGCCATG
MA1528.1	NFIX	NC_019871.2	18627190	18627206	-	11.58	ATTGGTAATGTGCCATG
MA1528.1	NFIX	NC_019859.2	37142710	37142726	+	11.57	TTGGGCCCGTCGCCCGC
MA1528.1	NFIX	NC_019870.2	148794	148810	+	11.57	TGGGGCTTGCTGCCAGA
MA1528.1	NFIX	NC_019870.2	148794	148810	+	11.57	TGGGGCTTGCTGCCAGA
MA1528.1	NFIX	NC_019870.2	148794	148810	+	11.57	TGGGGCTTGCTGCCAGA
MA1528.1	NFIX	NC_019874.2	24119731	24119747	+	11.56	ATGGGCGTCCTGCCCCG
MA1528.1	NFIX	NC_019877.2	3894505	3894521	-	11.56	AGTGGAGCGTAGCCAGC
MA1528.1	NFIX	NC_019870.2	29547710	29547726	+	11.56	GTCGGCATCGTTCCAGC
MA1528.1	NFIX	NC_019870.2	29547710	29547726	+	11.56	GTCGGCATCGTTCCAGC
MA1528.1	NFIX	NC_019870.2	29547710	29547726	+	11.56	GTCGGCATCGTTCCAGC
MA1528.1	NFIX	NC_019870.2	29547710	29547726	+	11.56	GTCGGCATCGTTCCAGC
MA1528.1	NFIX	NC_019877.2	14803131	14803147	-	11.54	TTTGGCATTTGGCCCGC
MA1528.1	NFIX	NC_019878.2	15598946	15598962	-	11.54	CATGGCATCTTGCCTAA
MA1528.1	NFIX	NC_019877.2	18455133	18455149	+	11.49	CTTGGATTTCTGCCATA
MA1528.1	NFIX	NC_019877.2	18455133	18455149	+	11.49	CTTGGATTTCTGCCATA
MA1528.1	NFIX	NC_019861.2	17822354	17822370	+	11.47	CTTGGCTGCTTGCCTGA
MA1528.1	NFIX	NC_019861.2	17822354	17822370	+	11.47	CTTGGCTGCTTGCCTGA
MA1528.1	NFIX	NC_019867.2	27883770	27883786	-	11.46	GCTGGACGTTTGCCAGC
MA1528.1	NFIX	NC_019867.2	27883770	27883786	-	11.46	GCTGGACGTTTGCCAGC
MA1528.1	NFIX	NC_019867.2	27883770	27883786	-	11.46	GCTGGACGTTTGCCAGC
MA1528.1	NFIX	NC_019870.2	28794232	28794248	+	11.44	TCTGGAGATCTGCCAAG
MA1528.1	NFIX	NC_019870.2	28794232	28794248	+	11.44	TCTGGAGATCTGCCAAG
MA1528.1	NFIX	NC_019866.2	9903159	9903175	-	11.44	ATTGGAGCTTTGCCACA
MA1528.1	NFIX	NC_019873.2	21558432	21558448	-	11.41	TGTGGAAGGCTGCCATC
MA1528.1	NFIX	NC_019866.2	25009399	25009415	+	11.40	CTTGGTGGTCTGCCAGC
MA1528.1	NFIX	NC_019866.2	25009399	25009415	+	11.40	CTTGGTGGTCTGCCAGC
MA1528.1	NFIX	NC_019866.2	25009399	25009415	+	11.40	CTTGGTGGTCTGCCAGC
MA1528.1	NFIX	NC_019861.2	33475884	33475900	-	11.39	CCTGGTAGTTTGCCAAG
MA1528.1	NFIX	NC_019870.2	12515128	12515144	+	11.39	CTGGGCCTCCTGCCCAC
MA1528.1	NFIX	NC_019879.2	5523545	5523561	+	11.39	TGGGGCTGCGAGCCAGG
MA1528.1	NFIX	NC_019878.2	5807338	5807354	-	11.38	CTAGGCCCTCTGCCAGC
MA1528.1	NFIX	NC_019872.2	6757800	6757816	+	11.38	CTTGGTCCCATGCCAGT
MA1528.1	NFIX	NC_019872.2	6757800	6757816	+	11.38	CTTGGTCCCATGCCAGT
MA1528.1	NFIX	NC_019871.2	3192914	3192930	+	11.37	GGTGGCCCGGTTCCACT
MA1528.1	NFIX	NC_019862.2	24012252	24012268	+	11.37	TGTGGATTACTGCCAAC
MA1528.1	NFIX	NC_019862.2	24012252	24012268	+	11.37	TGTGGATTACTGCCAAC
MA1528.1	NFIX	NC_019863.2	26192298	26192314	+	11.36	AGTGGCTGATCGCCATG
MA1528.1	NFIX	NC_019863.2	26192298	26192314	+	11.36	AGTGGCTGATCGCCATG
MA1528.1	NFIX	NC_019874.2	5646140	5646156	-	11.35	TTAGGAACCGTGCCAGG
MA1528.1	NFIX	NC_019882.2	12685866	12685882	-	11.33	TTGGGCTGTAAGCCAGG
MA1528.1	NFIX	NC_019868.2	21674666	21674682	+	11.32	GTTGGTGCTGGGCCAAG
MA1528.1	NFIX	NC_019873.2	30011674	30011690	+	11.31	GTGGGAGCAGGGCCAAC
MA1528.1	NFIX	NC_019873.2	30011674	30011690	+	11.31	GTGGGAGCAGGGCCAAC
MA1528.1	NFIX	NC_019880.2	2967445	2967461	+	11.30	CTTGGCGGGTCGCCGGG
MA1528.1	NFIX	NC_019867.2	12663181	12663197	-	11.29	CATGGTAAAGTGCCAGG
MA1528.1	NFIX	NC_019867.2	12663181	12663197	-	11.29	CATGGTAAAGTGCCAGG
MA1528.1	NFIX	NC_019872.2	11735189	11735205	-	11.28	AATGGCCAACTGCCATT
MA1528.1	NFIX	NC_019871.2	29125583	29125599	+	11.27	CTTGGATGTCTGCCACT
MA1528.1	NFIX	NC_019868.2	7002001	7002017	+	11.27	CTTGGATGTCTGCCACT
MA1528.1	NFIX	NC_019871.2	29125583	29125599	+	11.27	CTTGGATGTCTGCCACT
MA1528.1	NFIX	NC_019881.2	9197102	9197118	+	11.27	CTTGGATGTCTGCCACT
MA1528.1	NFIX	NC_019868.2	7002001	7002017	+	11.27	CTTGGATGTCTGCCACT
MA1528.1	NFIX	NC_019866.2	5324689	5324705	-	11.26	CTTGGCCTCATGCCTGT
MA1528.1	NFIX	NC_019866.2	5324689	5324705	-	11.26	CTTGGCCTCATGCCTGT
MA1528.1	NFIX	NC_019866.2	1871113	1871129	-	11.24	GGTGGCTTACTTCCAGC
MA1528.1	NFIX	NC_019866.2	1871113	1871129	-	11.24	GGTGGCTTACTTCCAGC
MA1528.1	NFIX	NC_019880.2	15027602	15027618	-	11.22	GCTGGCTCCTTTCCAGG
MA1528.1	NFIX	NC_019876.2	10776346	10776362	-	11.21	CTTGGACTGAAGCCAGC
MA1528.1	NFIX	NC_019876.2	10776346	10776362	-	11.21	CTTGGACTGAAGCCAGC
MA1528.1	NFIX	NC_019876.2	10776346	10776362	-	11.21	CTTGGACTGAAGCCAGC
MA1528.1	NFIX	NC_019868.2	11658527	11658543	+	11.19	CGGGGATATGTGCCAAC
MA1528.1	NFIX	NC_019868.2	11658527	11658543	+	11.19	CGGGGATATGTGCCAAC
MA1528.1	NFIX	NC_019868.2	11658527	11658543	+	11.19	CGGGGATATGTGCCAAC
MA1528.1	NFIX	NC_019878.2	1505481	1505497	-	11.19	CTTGGTAAAGTGCCACT
MA1528.1	NFIX	NC_019878.2	1505481	1505497	-	11.19	CTTGGTAAAGTGCCACT
MA1528.1	NFIX	NC_019868.2	1118908	1118924	+	11.18	CATGGCGCAGTTCCATG
MA1528.1	NFIX	NC_019859.2	11042147	11042163	-	11.18	CGTGGAAGCTTGCCCGT
MA1528.1	NFIX	NC_019875.2	8736017	8736033	+	11.16	GGGGGCTCATGGCCAAG
MA1528.1	NFIX	NC_019874.2	17985645	17985661	+	11.15	TGTGGATAAGTGCCAGA
MA1528.1	NFIX	NC_019862.2	13305377	13305393	+	11.15	GACGGCGCGATGCCCAC
MA1528.1	NFIX	NC_019882.2	6190835	6190851	+	11.15	GTGGGCAGGCAGCCCGC
MA1528.1	NFIX	NC_019874.2	4715302	4715318	+	11.15	TGTGGACAGGTGCCAAT
MA1528.1	NFIX	NC_019874.2	17802410	17802426	+	11.15	AGTGGCTGTGTGCCCTC
MA1528.1	NFIX	NC_019870.2	4902486	4902502	-	11.13	TCTGGAATTGTGCCACT
MA1528.1	NFIX	NC_019864.2	20673474	20673490	+	11.11	ACTGGCTGGATGCCTAC
MA1528.1	NFIX	NC_019876.2	17411329	17411345	-	11.10	TTTGGCTTGTTTCCAGC
MA1528.1	NFIX	NC_019867.2	15070806	15070822	+	11.09	GTTGGTGTTGTGCCACT
MA1528.1	NFIX	NC_019864.2	12542644	12542660	+	11.09	CCCGGCTTAGTGCCAGA
MA1528.1	NFIX	NC_019864.2	12542644	12542660	+	11.09	CCCGGCTTAGTGCCAGA
MA1528.1	NFIX	NC_019864.2	12542644	12542660	+	11.09	CCCGGCTTAGTGCCAGA
MA1528.1	NFIX	NC_019864.2	24523537	24523553	+	11.09	TATGGAGGGATGCCCAC
MA1528.1	NFIX	NC_019864.2	24523537	24523553	+	11.09	TATGGAGGGATGCCCAC
MA1528.1	NFIX	NC_019864.2	24523537	24523553	+	11.09	TATGGAGGGATGCCCAC
MA1528.1	NFIX	NC_019865.2	31266113	31266129	-	11.08	AGTGGCGGGCAGCCCGG
MA1528.1	NFIX	NC_019870.2	9754911	9754927	+	11.07	GTCGGCCATGCGCCAGG
MA1528.1	NFIX	NC_019870.2	9754911	9754927	+	11.07	GTCGGCCATGCGCCAGG
MA1528.1	NFIX	NC_019870.2	9754911	9754927	+	11.07	GTCGGCCATGCGCCAGG
MA1528.1	NFIX	NC_019870.2	9754911	9754927	+	11.07	GTCGGCCATGCGCCAGG
MA1528.1	NFIX	NC_019870.2	9754911	9754927	+	11.07	GTCGGCCATGCGCCAGG
MA1528.1	NFIX	NC_019870.2	9754911	9754927	+	11.07	GTCGGCCATGCGCCAGG
MA1528.1	NFIX	NC_019877.2	17722552	17722568	-	11.03	TTTGGAGAGGGGCCATG
MA1528.1	NFIX	NC_019868.2	2774266	2774282	+	11.02	TGGGGCGGGGCGCCACT
MA1528.1	NFIX	NC_019866.2	8326032	8326048	+	11.00	AATGGAAAGATGCCAAA
MA1528.1	NFIX	NC_019873.2	29038227	29038243	+	11.00	GAGGGCGAGGAGCCCGA
MA1528.1	NFIX	NC_019873.2	29038227	29038243	+	11.00	GAGGGCGAGGAGCCCGA
MA1528.1	NFIX	NC_019873.2	29038227	29038243	+	11.00	GAGGGCGAGGAGCCCGA
MA1528.1	NFIX	NC_019861.2	16151817	16151833	+	10.99	TTTGGAAAGCTGCCATT
MA1528.1	NFIX	NC_019863.2	26191598	26191614	+	10.99	TCTGGCCTGTGGCCAGC
MA1528.1	NFIX	NC_019863.2	26191598	26191614	+	10.99	TCTGGCCTGTGGCCAGC
MA1528.1	NFIX	NC_019863.2	26191598	26191614	+	10.99	TCTGGCCTGTGGCCAGC
MA1528.1	NFIX	NC_019863.2	26191598	26191614	+	10.99	TCTGGCCTGTGGCCAGC
MA1528.1	NFIX	NC_019863.2	26191598	26191614	+	10.99	TCTGGCCTGTGGCCAGC
MA1528.1	NFIX	NC_019863.2	26191598	26191614	+	10.99	TCTGGCCTGTGGCCAGC
MA1528.1	NFIX	NC_019863.2	26191598	26191614	+	10.99	TCTGGCCTGTGGCCAGC
MA1528.1	NFIX	NC_019863.2	26191598	26191614	+	10.99	TCTGGCCTGTGGCCAGC
MA1528.1	NFIX	NC_019863.2	26191598	26191614	+	10.99	TCTGGCCTGTGGCCAGC
MA1528.1	NFIX	NC_019875.2	12733358	12733374	+	10.99	ATTGGCAGGTTGCCGGA
MA1528.1	NFIX	NC_019875.2	12733358	12733374	+	10.99	ATTGGCAGGTTGCCGGA
MA1528.1	NFIX	NC_019875.2	12733358	12733374	+	10.99	ATTGGCAGGTTGCCGGA
MA1528.1	NFIX	NC_019863.2	2257799	2257815	-	10.98	ATTGGTGCCATGCCAAA
MA1528.1	NFIX	NC_019863.2	2257799	2257815	-	10.98	ATTGGTGCCATGCCAAA
MA1528.1	NFIX	NC_019863.2	2257799	2257815	-	10.98	ATTGGTGCCATGCCAAA
MA1528.1	NFIX	NC_019863.2	2257799	2257815	-	10.98	ATTGGTGCCATGCCAAA
MA1528.1	NFIX	NC_019865.2	31264235	31264251	+	10.98	CGTGGTACCGAGCCAAT
MA1528.1	NFIX	NC_019865.2	31264235	31264251	+	10.98	CGTGGTACCGAGCCAAT
MA1528.1	NFIX	NC_019870.2	6291319	6291335	+	10.98	AATGGCTTCTTGCCCTT
MA1528.1	NFIX	NC_019863.2	6633064	6633080	+	10.96	CCTGGAGCTATGCCCAC
MA1528.1	NFIX	NC_019860.2	21514830	21514846	+	10.96	TTTGGTTCCCTGCCAAG
MA1528.1	NFIX	NC_019860.2	21514830	21514846	+	10.96	TTTGGTTCCCTGCCAAG
MA1528.1	NFIX	NC_019871.2	17694143	17694159	+	10.96	TTTGGAGAGATGCCCAG
MA1528.1	NFIX	NC_019871.2	32618492	32618508	+	10.94	GTTGGAGACATGCCTAC
MA1528.1	NFIX	NC_019868.2	13911729	13911745	+	10.93	CTGGGATGCCTGCCAGT
MA1528.1	NFIX	NC_019868.2	13911729	13911745	+	10.93	CTGGGATGCCTGCCAGT
