"","ID","Cohort","Hatch","Age","Fin_sex","Gonad_sex","Tot_wgt","Gonad_wgt","GSI","Egg_wgt","Gonad_score","Std_length","Tot_length","Fin_branch","EAA","EA_Est","GrowthResiduals","GT"
"1","X1","Oct '19","10/13-15/2019",29,"M","M",0.323,0.002,0.619195046439629,NA,3,2.8,3.5,2,1.78022418706121,24.2956943699003,0.0991420363601021,"1"
"2","X2","Nov '19","11/12-20/2019",28,"M","M",0.3077,0.0022,0.714982125446864,NA,3,2.2,2.9,2,3.41223725577198,25.3102519212004,0.0860149298495548,"0"
"3","X6","Jun '20","6/17-25/2020",21,"F","F",0.204,0.0059,2.8921568627451,NA,1,2.2,2.8,2,-0.839208935225463,16.7366171083279,0.000128523228911739,"1"
"4","X7","Oct '19","10/13-15/2019",29,"F","F",0.2207,0.0169,7.65745355686452,NA,2,2.3,2.9,2,1.30120246521174,23.8166726480509,-0.00315796363989888,"2"
"5","X8","Nov '19","11/12-20/2019",28,"F","F",0.2328,0.0136,5.84192439862543,0.0103,2,2.2,2.8,2,-0.451195084718734,21.4468195807097,0.0111149298495546,"0"
"6","X9","Dec '19","12/16-20/2019",27,"F","F",0.3507,0.001,0.285143997718848,NA,1,2.5,3.2,2,1.53111259808799,22.8116717461057,0.131266854760634,"1"
"7","X10","Feb '20","2/18-19/2020",25,"M","M",0.2247,5e-04,0.222518914107699,NA,2,2.4,3,2,-0.0760790515521593,19.9695690616441,0.0100323678882577,"2"
"8","X11","Feb '20","2/18-19/2020",25,"F","F",0.2038,0.015,7.36015701668302,NA,2,2.2,2.7,2,-1.94426383520296,18.1013842779933,-0.0108676321117423,NA
"9","X12","Apr '20","4/17-24/2020",23,"F","F",0.2809,0.0232,8.25916696333215,NA,3,2.5,3.1,2,-1.79786055748571,17.0128765208891,0.0713954497038818,"1"
"10","X14","Jun '20","6/17-25/2020",21,"M","M",0.2054,0.001,0.486854917234664,NA,2.5,2.4,2.9,2,1.15857632068484,18.7344023642382,0.00152852322891175,"2"
"11","X15","Jun '20","6/17-25/2020",21,"F","F",0.2264,0.0133,5.87455830388693,NA,2,2.2,2.8,2,1.06685117154584,18.6426772150992,0.0225285232289117,"2"
"12","X16","Oct '19","10/13-15/2019",29,"F","F",0.2177,0.0057,2.6182820395039,NA,1,2.2,2.7,2,-5.37282655718746,17.1426436256517,-0.00615796363989888,"0"
"13","X17","Dec '19","12/16-20/2019",27,"M","F",0.176,0.009,5.11363636363636,NA,1,2.2,2.8,2,0.661701172989889,21.9422603210076,-0.0434331452393661,"1"
"14","X18","Dec '19","12/16-20/2019",27,"M","M",0.2175,0.0011,0.505747126436782,NA,3,2.3,2.9,2,-2.86127275885621,18.4192863891615,-0.00193314523936605,"1"
"15","X19","Nov '19","11/12-20/2019",28,"F","F",0.1345,0.0042,3.12267657992565,NA,1,2,2.5,2,0.933840349664567,22.831855015093,-0.0871850701504454,"2"
"16","X20","Nov '19","11/12-20/2019",28,"M","M",0.2672,0.001,0.374251497005988,NA,2,2.3,2.9,2,-0.0524370082465355,21.8455776571819,0.0455149298495546,"1"
"17","X24","Aug '20","8/14-18/2020",19,"F","F",0.2191,0.0071,3.24052943861251,NA,2,2.4,3,2,1.91281864220539,18.2537336509373,0.0214258021192488,"0"
"18","X25","Oct '20","10/17-20/2020",17,"M","M",0.1949,9e-04,0.461775269368907,NA,3,2.1,2.7,2,-0.411410118128863,14.6945938557816,0.00411301695446027,"1"
"19","X26","Oct '20","10/17-20/2020",17,"F","F",0.172,0.0074,4.30232558139535,NA,2,2.1,2.6,2,-2.11220808714976,12.9937958867607,-0.0187869830455397,"1"
"20","X27","Aug '20","8/14-18/2020",19,"M","M",0.1653,9e-04,0.544464609800363,NA,2,2,2.5,2,5.87699772561459,22.2179127343465,-0.0323741978807512,"2"
"21","X30","Oct '20","10/17-20/2020",17,"F","F",0.1768,0.0089,5.03393665158371,NA,2,2,2.6,2,-1.00990754693516,14.0960964269753,-0.0139869830455397,"1"
"22","X31","Aug '20","8/14-18/2020",19,"M","M",0.1772,8e-04,0.451467268623025,NA,3,2.3,2.8,2,0.811262677611086,17.152177686343,-0.0204741978807512,"0"
"23","X32","Aug '20","8/14-18/2020",19,"F","F",0.2673,0.0152,5.68649457538347,NA,3,2.6,3.2,2,1.77079274469359,18.1117077534255,0.0696258021192488,"0"
"24","X33","Oct '20","10/17-20/2020",17,"M","M",0.2166,0.0018,0.831024930747922,NA,3,2.4,3,2,-1.40704854043496,13.6989554334755,0.0258130169544603,"1"
"25","X35","Oct '20","10/17-20/2020",17,"M","M",0.2452,0.0015,0.611745513866232,NA,3,2.3,2.9,2,-1.03731414315286,14.0686898307576,0.0544130169544603,"2"
"26","X36","Nov '20","11/13-19/2020",16,"M","M",0.1486,6e-04,0.403768506056528,NA,3,2,2.5,2,-1.86942393541364,12.6191245210861,-0.0384330391427743,"0"
"27","X37","Nov '20","11/13-19/2020",16,"F","F",0.1787,0.0094,5.26021264689424,NA,2,2.2,2.7,2,-3.59280052821834,10.8957479282814,-0.00833303914277431,"0"
"28","X40","Jan '21","1/22-26/2021",14,"M","M",0.114,5e-04,0.43859649122807,NA,2,2,2.5,2,2.64625943387841,15.8998968555567,-0.0647646270331138,"2"
"29","X42","Nov '20","11/13-19/2020",16,"F","F",0.1556,0.0058,3.72750642673522,NA,2,2.1,2.6,2,2.58262801088586,17.0711764673856,-0.0314330391427743,"2"
"30","X43","Nov '20","11/13-19/2020",16,"M","M",0.1752,NA,0,NA,1,2.2,2.7,2,-0.489931140800738,13.998617315699,-0.0118330391427743,"1"
"31","X47","Jan '21","1/22-26/2021",14,"F","F",0.0879,0.0012,1.36518771331058,NA,1,1.3,2.2,1,0.522167274093712,13.775804695772,-0.0908646270331138,"0"
"32","X49","Nov '20","11/13-19/2020",16,"M","M",0.1617,2e-04,0.123685837971552,NA,2,2.1,2.7,2,1.24055678707266,15.7291052435724,-0.0253330391427743,"1"
"33","X50","Jan '21","1/22-26/2021",14,"F","F",0.1547,0.0082,5.30058177117001,NA,2,2.1,2.6,2,1.08590398720071,14.339541408879,-0.0240646270331138,"1"
"34","X51","Jan '21","1/22-26/2021",14,"F","F",0.1711,0.0043,2.51315020455874,NA,1,2.1,2.6,2,-1.09589739162529,12.157740030053,-0.00766462703311377,"0"
"35","X54","Jan '21","1/22-26/2021",14,"M","M",0.1294,0.0016,1.23647604327666,NA,3,1.9,2.4,2,-1.45248611344709,11.8011513082312,-0.0493646270331138,"0"
"36","X56","Jan '21","1/22-26/2021",14,"F","F",0.2155,0.0034,1.57772621809745,NA,1,2.3,2.9,2,-0.930801330898389,12.3228360907799,0.0367353729668862,"1"
"37","X59","May '21","5/20-25/2021",10,"M","M",0.1688,7e-04,0.414691943127962,NA,3,2.1,2.7,2,0.929084536723509,11.7128998887589,0.0108701074900734,"0"
"38","X60","May '21","5/20-25/2021",10,"F","F",0.1688,0.0095,5.62796208530806,NA,2,2.1,2.6,2,-3.4224232057806,7.36139214625479,0.0108701074900734,"0"
"39","X65","May '21","5/20-25/2021",10,"M","M",0.1912,0.0013,0.679916317991632,NA,3,2.4,2.9,2,4.99224795995851,15.7760633119939,0.0332701074900734,"1"
"40","X68","Jun '21","6/15/2021",9,"F","F",0.155,0.0033,2.12903225806452,NA,1,2,2.5,1,3.33356679756043,13.4999266321851,0.00359414761594006,"1"
"41","X70","May '21","5/20-25/2021",10,"F","F",0.1448,0.009,6.21546961325967,NA,3,2,2.5,1,1.65108949982301,12.4349048518584,-0.0131298925099266,"1"
"42","X71","May '21","5/20-25/2021",10,"M","M",0.2121,0.0013,0.612918434700613,NA,3,2.4,2.9,2,-1.17628344542428,9.60753190661111,0.0541701074900734,NA
"43","X72","Jun '21","6/15/2021",9,"M","M",0.1414,7e-04,0.495049504950495,NA,2,2.1,2.6,2,2.83146298256424,12.9978228171889,-0.0100058523840599,"1"
"44","X73","Jun '21","6/15/2021",9,"F","F",0.1439,0.0093,6.46282140375261,0.0055,3,2,2.5,2,-2.08323843091628,8.08312140370839,-0.00750585238405993,"0"
"45","X74","Jun '21","6/15/2021",9,"M","M",0.1121,7e-04,0.624442462087422,NA,2,2,2.5,1,0.803205434082736,10.9695652687074,-0.0393058523840599,"2"
"46","X75","Jun '21","6/15/2021",9,"F","F",0.1916,0.0107,5.58455114822547,NA,3,2.2,2.7,1,1.91899124792424,12.0853510825489,0.0401941476159401,NA
"47","X76","Jul '21","7/14-16/2021",8,"F","F",0.1749,0.0081,4.63121783876501,NA,2,2.2,2.8,2,1.90718032035256,11.4560846375665,0.0307874039745574,"1"
"48","X77","Jul '21","7/14-16/2021",8,"F","F",0.1662,0.0079,4.75330926594465,NA,2,2.2,2.7,2,2.00612822982686,11.5550325470408,0.0220874039745573,"2"
"49","X78","Aug '21","8/17/2021",7,"F","F",0.1329,0.005,3.76222723852521,0.0016,2,1.9,2.4,1,-0.703467564408156,8.22798123539506,-0.00294418391578213,NA
"50","X81","Sept '21","9/14/2021",6,"M","M",0.2027,0.0035,1.72668968919586,NA,4,2.4,2.9,2,1.5384709871465,9.85246426953899,0.0764009973539145,"1"
"51","X82","Jul '21","7/14-16/2021",8,"F","F",0.1318,0.0043,3.26251896813354,NA,2,2.1,2.5,2,0.000961502061109565,9.54986581927505,-0.0123125960254426,"0"
"52","X85","Aug '21","8/17/2021",7,"F","F",0.104,0.0051,4.90384615384615,NA,2,1.7,2.2,1,-1.71195017483245,7.21949862497077,-0.0318441839157821,NA
"53","X87","Sept '21","9/14/2021",6,"F","F",0.0856,0.001,1.16822429906542,NA,1,1.8,2.1,1,-0.0393574388374609,8.27463584355503,-0.0406990026460855,"0"
"54","X88","Jul '21","7/14-16/2021",8,"M","M",0.1661,0.0018,1.08368452739314,NA,3,2.2,2.7,1,2.82277369554916,12.3716780127631,0.0219874039745574,"1"
"55","X91","Aug '21","8/17/2021",7,"F","F",0.1308,0.0024,1.8348623853211,NA,1,2,2.5,1,2.48547236915588,11.4169211689591,-0.00504418391578213,"2"
"56","X94","Jul '21","7/14-16/2021",8,"M","M",0.1753,0.0014,0.798630918425556,NA,3,2.4,2.9,2,-3.87253720050721,5.67636711670673,0.0311874039745574,"1"
"57","X98","Oct '21","10/17-18/2021",5,"M","M",0.1083,4e-04,0.369344413665743,NA,2.5,1.9,2.3,1,0.272839376752204,7.96937714173397,-0.00670944939259499,"0"
"58","X99","Aug '21","8/17/2021",7,"M","M",0.0732,NA,0,NA,1,1.5,1.9,1,-1.70676570467349,7.22468309512973,-0.0626441839157821,"0"
"59","X101","Oct '21","10/18-21/2021",5,"F","F",0.192,0.0104,5.41666666666667,NA,3,2.1,2.6,2,0.402931933739223,8.09946969872099,0.076990550607405,"1"
"60","X102","Oct '21","10/18-21/2021",5,"F","F",0.2054,0.0178,8.66601752677702,0.003,3,2.2,2.7,1,2.06284547931251,9.75938324429428,0.090390550607405,"1"
"61","X103","Oct '21","10/17-18/2021",5,"F","F",0.1303,0.0044,3.37682271680737,0.0068,3,2,2.4,1,0.398041196334264,8.09457896131603,0.015290550607405,"0"
"62","X108","Oct '21","10/18-21/2021",5,"M","M",0.1618,0.0016,0.988875154511743,NA,3,2,2.4,1,-2.25816816388378,5.43836960109799,0.046790550607405,"1"
"63","X110","Oct '21","10/18-21/2021",5,"M","M",0.0735,NA,0,NA,2,1.6,2,0,-3.05924651932122,4.63729124566055,-0.041509449392595,NA
"64","X111","Nov '21","11/21-22/2021",4,"F","F",0.0832,0.0014,1.68269230769231,NA,1,1.6,2,1,-0.818990878998012,6.26009136857303,-0.017992152908111,"1"
"65","X114","Nov '21","11/21-22/2021",4,"M","M",0.0765,5e-04,0.65359477124183,NA,2,1.2,1.6,1,-1.42341639389793,5.65566585367311,-0.024692152908111,"0"
"66","X117","Nov '21","11/21-22/2021",4,"F","F",0.0956,0.0036,3.76569037656904,NA,1,1.7,2.1,1,3.70410622366086,10.7831884712319,-0.00559215290811099,"2"
"67","X120","Nov '21","11/22-29/2021",4,"F","F",0.2006,0.0141,7.02891326021934,NA,2,2,2.5,1,-2.71549505590279,4.36358719166825,0.099407847091889,"1"
"68","X123","Dec '21","12/15/2021",3,"F","F",0.0534,2e-04,0.374531835205993,NA,1,1.5,1.8,0,-1.36309019706104,5.09853653309928,-0.0299785595287538,"0"
"69","X125","Dec '21","12/15/2021",3,NA,"M",0.0907,NA,0,NA,1,1.7,2,1,0.359340224768242,6.82096695492856,0.00732144047124619,"1"
"70","X130","Dec '21","12/15/2021",3,"M","M",0.1657,7e-04,0.422450211225106,NA,3,2,2.5,1,-1.90283352326809,4.55879320689223,0.0823214404712462,"1"
"71","X132","Dec '21","12/15-16/2021",3,"F","F",0.0641,0.0016,2.49609984399376,NA,1.5,1.5,1.8,1,-1.38390357908864,5.07772315107168,-0.0192785595287538,"1"
"72","X133","Jan '22","1/24/2022",2,"M","M",0.0849,5e-04,0.588928150765607,NA,3,1.7,2.1,1,-2.13112915193912,3.71304206081047,0.0266282902092207,"2"
