"sites","Freq"
"NC_019859.2:14137155",45
"NC_019859.2:1620600",1
"NC_019859.2:17402707",1
"NC_019859.2:20012692",76
"NC_019859.2:20141581",7
"NC_019859.2:23558480",1
"NC_019859.2:25820120",42
"NC_019859.2:26405560",1
"NC_019859.2:26521407",2
"NC_019859.2:26532212",60
"NC_019859.2:27880108",54
"NC_019859.2:28411306",8
"NC_019859.2:28872875",7
"NC_019859.2:3124558",1
"NC_019859.2:32529235",2
"NC_019859.2:32614837",3
"NC_019859.2:329079",20
"NC_019859.2:34544982",3
"NC_019859.2:34852334",1
"NC_019859.2:35881133",1
"NC_019859.2:36483076",2
"NC_019859.2:36583484",12
"NC_019859.2:399622",6
"NC_019859.2:7367914",2
"NC_019860.2:11408998",1
"NC_019860.2:12025937",78
"NC_019860.2:1450881",7
"NC_019860.2:14871247",6
"NC_019860.2:15487755",42
"NC_019860.2:1561579",51
"NC_019860.2:16550512",3
"NC_019860.2:17102863",37
"NC_019860.2:21449115",1
"NC_019860.2:23195300",36
"NC_019860.2:238344",1
"NC_019860.2:24028822",7
"NC_019860.2:24432560",1
"NC_019860.2:443503",70
"NC_019860.2:443532",43
"NC_019860.2:443876",1
"NC_019860.2:450409",1
"NC_019860.2:4966534",66
"NC_019860.2:508045",79
"NC_019860.2:510143",2
"NC_019860.2:521846",15
"NC_019860.2:5325392",24
"NC_019860.2:554874",10
"NC_019860.2:555186",1
"NC_019860.2:555200",2
"NC_019860.2:565309",20
"NC_019860.2:594859",9
"NC_019860.2:6235552",4
"NC_019860.2:660133",3
"NC_019860.2:8007053",5
"NC_019861.2:13373863",1
"NC_019861.2:1582263",1
"NC_019861.2:25621625",14
"NC_019861.2:33086112",1
"NC_019861.2:33506122",7
"NC_019861.2:38064301",66
"NC_019861.2:6951437",1
"NC_019861.2:7328424",79
"NC_019861.2:9362211",19
"NC_019862.2:10387731",79
"NC_019862.2:1111410",2
"NC_019862.2:17311842",69
"NC_019862.2:18067763",78
"NC_019862.2:20176075",6
"NC_019862.2:29829178",3
"NC_019862.2:29829185",53
"NC_019862.2:31709949",2
"NC_019862.2:32327744",2
"NC_019862.2:32628575",2
"NC_019862.2:414526",3
"NC_019862.2:5671419",1
"NC_019862.2:6031795",30
"NC_019862.2:6178244",48
"NC_019862.2:8247612",41
"NC_019862.2:850571",9
"NC_019862.2:9890119",56
"NC_019863.2:10916392",76
"NC_019863.2:13445498",1
"NC_019863.2:19728765",5
"NC_019863.2:21957852",1
"NC_019863.2:26286317",5
"NC_019863.2:28364215",2
"NC_019863.2:30061924",1
"NC_019863.2:30770315",79
"NC_019863.2:32576484",34
"NC_019863.2:32715587",1
"NC_019863.2:3453662",1
"NC_019863.2:495899",48
"NC_019863.2:5101311",79
"NC_019863.2:5181136",6
"NC_019863.2:59748",8
"NC_019863.2:6185640",1
"NC_019863.2:8183075",8
"NC_019864.2:18121308",3
"NC_019864.2:20072855",1
"NC_019864.2:29848008",34
"NC_019864.2:3019",40
"NC_019864.2:30468764",1
"NC_019864.2:30881369",2
"NC_019864.2:31276730",32
"NC_019864.2:31389201",1
"NC_019864.2:31843190",3
"NC_019864.2:5019154",2
"NC_019864.2:5758034",14
"NC_019864.2:6692966",1
"NC_019864.2:6755476",1
"NC_019865.2:13056175",1
"NC_019865.2:23775451",1
"NC_019865.2:24138990",79
"NC_019865.2:24140105",32
"NC_019865.2:24143845",1
"NC_019865.2:26364973",14
"NC_019865.2:29310915",1
"NC_019865.2:29868463",79
"NC_019865.2:29918955",7
"NC_019865.2:31595010",1
"NC_019865.2:5044530",68
"NC_019865.2:512955",1
"NC_019865.2:749536",47
"NC_019865.2:831766",57
"NC_019865.2:9226806",1
"NC_019865.2:988456",2
"NC_019866.2:12667096",78
"NC_019866.2:12667105",79
"NC_019866.2:14676306",1
"NC_019866.2:14676417",5
"NC_019866.2:15136860",1
"NC_019866.2:1595485",16
"NC_019866.2:17027126",4
"NC_019866.2:17171902",42
"NC_019866.2:21797224",1
"NC_019866.2:22748397",39
"NC_019866.2:22748473",79
"NC_019866.2:22802008",77
"NC_019866.2:22802014",79
"NC_019866.2:22802041",5
"NC_019866.2:22802184",37
"NC_019866.2:22802186",79
"NC_019866.2:22802198",39
"NC_019866.2:22802200",79
"NC_019866.2:22802216",33
"NC_019866.2:22802220",79
"NC_019866.2:22802318",31
"NC_019866.2:22802334",79
"NC_019866.2:22805218",24
"NC_019866.2:22825897",68
"NC_019866.2:23145509",3
"NC_019866.2:24249876",1
"NC_019866.2:24571159",27
"NC_019866.2:24661920",1
"NC_019866.2:24731731",1
"NC_019866.2:25130993",1
"NC_019866.2:26238009",79
"NC_019866.2:3583842",9
"NC_019866.2:379243",1
"NC_019866.2:5826784",73
"NC_019866.2:6030394",18
"NC_019866.2:6583913",13
"NC_019866.2:777152",2
"NC_019866.2:902589",1
"NC_019866.2:9407916",13
"NC_019867.2:12214606",1
"NC_019867.2:17897632",1
"NC_019867.2:203263",1
"NC_019867.2:204551",78
"NC_019867.2:204565",1
"NC_019867.2:204593",1
"NC_019867.2:20997422",74
"NC_019867.2:24405095",3
"NC_019867.2:25888520",1
"NC_019867.2:26722792",2
"NC_019867.2:29072398",1
"NC_019867.2:3019527",73
"NC_019867.2:3114519",70
"NC_019867.2:32245215",79
"NC_019867.2:32251307",1
"NC_019867.2:636139",19
"NC_019868.2:18941014",2
"NC_019868.2:18941213",78
"NC_019868.2:18941250",1
"NC_019868.2:19061338",32
"NC_019868.2:20335054",1
"NC_019868.2:20703158",74
"NC_019868.2:22208232",1
"NC_019868.2:2338548",5
"NC_019868.2:26286425",6
"NC_019868.2:30302248",1
"NC_019868.2:30793263",1
"NC_019868.2:30822602",1
"NC_019868.2:3935256",60
"NC_019868.2:5874085",11
"NC_019869.2:10431130",17
"NC_019869.2:14203344",1
"NC_019869.2:15941411",2
"NC_019869.2:18174471",68
"NC_019869.2:18936412",3
"NC_019869.2:19865126",1
"NC_019869.2:20731312",1
"NC_019869.2:25089027",2
"NC_019869.2:25980785",1
"NC_019869.2:27040103",1
"NC_019869.2:27173000",1
"NC_019869.2:27717601",78
"NC_019869.2:5157002",4
"NC_019869.2:65654",1
"NC_019869.2:7379722",9
"NC_019870.2:12005531",5
"NC_019870.2:12463554",1
"NC_019870.2:12687389",1
"NC_019870.2:15194806",8
"NC_019870.2:15593805",1
"NC_019870.2:16003359",52
"NC_019870.2:1718614",55
"NC_019870.2:20118295",2
"NC_019870.2:20807447",3
"NC_019870.2:20884300",16
"NC_019870.2:21347393",10
"NC_019870.2:2151295",1
"NC_019870.2:2155830",79
"NC_019870.2:21875593",36
"NC_019870.2:23216050",19
"NC_019870.2:28782696",38
"NC_019870.2:29547566",5
"NC_019870.2:30290453",4
"NC_019870.2:3039519",1
"NC_019870.2:30448380",2
"NC_019870.2:476325",1
"NC_019870.2:489958",2
"NC_019870.2:896650",6
"NC_019870.2:9269610",2
"NC_019870.2:984872",1
"NC_019871.2:1067529",4
"NC_019871.2:13097522",1
"NC_019871.2:19836813",7
"NC_019871.2:23924605",1
"NC_019871.2:25380933",1
"NC_019871.2:26190430",2
"NC_019871.2:28344008",2
"NC_019871.2:28754509",1
"NC_019871.2:29295072",3
"NC_019871.2:29913340",2
"NC_019871.2:29913348",1
"NC_019871.2:29913403",2
"NC_019871.2:30712942",67
"NC_019871.2:30713037",1
"NC_019871.2:4131719",79
"NC_019871.2:4131725",1
"NC_019871.2:4234884",1
"NC_019872.2:10304739",2
"NC_019872.2:10745122",78
"NC_019872.2:13314909",7
"NC_019872.2:13901160",1
"NC_019872.2:1394998",18
"NC_019872.2:15301237",47
"NC_019872.2:1675473",3
"NC_019872.2:16970963",1
"NC_019872.2:17568727",16
"NC_019872.2:18553087",29
"NC_019872.2:20159999",79
"NC_019872.2:24321615",1
"NC_019872.2:24350791",9
"NC_019872.2:2619624",1
"NC_019872.2:29762363",1
"NC_019872.2:3015729",7
"NC_019872.2:362634",74
"NC_019872.2:362644",1
"NC_019872.2:657213",4
"NC_019872.2:6648445",8
"NC_019872.2:719701",10
"NC_019872.2:7392444",1
"NC_019872.2:769129",4
"NC_019872.2:7735790",78
"NC_019873.2:1076271",53
"NC_019873.2:11495012",1
"NC_019873.2:12663020",36
"NC_019873.2:17127799",1
"NC_019873.2:1826107",1
"NC_019873.2:2077876",78
"NC_019873.2:2298973",1
"NC_019873.2:24845803",2
"NC_019873.2:25714982",1
"NC_019873.2:29052880",9
"NC_019873.2:30221383",1
"NC_019873.2:30271053",2
"NC_019873.2:6329270",1
"NC_019873.2:7364563",1
"NC_019873.2:759493",1
"NC_019873.2:7644092",1
"NC_019874.2:12469395",55
"NC_019874.2:20717679",20
"NC_019874.2:24482594",1
"NC_019874.2:24807419",1
"NC_019874.2:2745190",79
"NC_019874.2:28256113",6
"NC_019874.2:29580585",2
"NC_019874.2:30077336",1
"NC_019874.2:30635438",1
"NC_019874.2:31149713",33
"NC_019874.2:32311228",1
"NC_019874.2:32415324",17
"NC_019874.2:32950568",3
"NC_019874.2:3629733",2
"NC_019874.2:3649181",1
"NC_019874.2:4981430",3
"NC_019875.2:17086221",5
"NC_019875.2:2174994",2
"NC_019875.2:26814956",2
"NC_019875.2:29468025",73
"NC_019875.2:29468027",1
"NC_019875.2:30242760",4
"NC_019875.2:30246647",1
"NC_019875.2:30432540",37
"NC_019875.2:30452824",57
"NC_019875.2:30705161",1
"NC_019875.2:30722243",1
"NC_019875.2:4037055",3
"NC_019875.2:5976557",2
"NC_019875.2:8442953",68
"NC_019875.2:9905529",1
"NC_019876.2:17304347",79
"NC_019876.2:20513133",5
"NC_019876.2:22674614",2
"NC_019876.2:25252290",4
"NC_019876.2:9784240",8
"NC_019877.2:10302274",1
"NC_019877.2:12858521",6
"NC_019877.2:14745779",16
"NC_019877.2:18272155",77
"NC_019877.2:18500396",5
"NC_019877.2:18903113",3
"NC_019877.2:19141468",1
"NC_019877.2:20020048",3
"NC_019877.2:21295959",3
"NC_019877.2:22818640",2
"NC_019877.2:22901120",11
"NC_019877.2:23849999",1
"NC_019877.2:24998249",16
"NC_019877.2:25456783",8
"NC_019877.2:33984",1
"NC_019877.2:5563418",78
"NC_019877.2:77906",25
"NC_019878.2:16995094",5
"NC_019878.2:17369063",7
"NC_019878.2:21292681",6
"NC_019878.2:21292778",79
"NC_019878.2:23799071",1
"NC_019878.2:2446551",1
"NC_019878.2:25700355",67
"NC_019878.2:4710847",46
"NC_019878.2:5909294",33
"NC_019878.2:6049471",1
"NC_019878.2:6054598",28
"NC_019878.2:9612270",6
"NC_019879.2:13437815",71
"NC_019879.2:13437821",54
"NC_019879.2:14248595",19
"NC_019879.2:14725936",1
"NC_019879.2:15133925",1
"NC_019879.2:24032201",1
"NC_019879.2:25296531",1
"NC_019879.2:25400642",11
"NC_019879.2:26141797",8
"NC_019879.2:28721691",10
"NC_019879.2:2994065",1
"NC_019879.2:380225",17
"NC_019879.2:380234",3
"NC_019879.2:423327",8
"NC_019879.2:6470826",23
"NC_019879.2:9643814",69
"NC_019879.2:9805128",1
"NC_019879.2:9877158",9
"NC_019880.2:20779835",10
"NC_019880.2:22057755",1
"NC_019880.2:24925741",1
"NC_019880.2:26350004",2
"NC_019880.2:475327",1
"NC_019881.2:118262",12
"NC_019881.2:1430612",2
"NC_019881.2:167931",1
"NC_019881.2:18825049",1
"NC_019881.2:22956559",66
"NC_019881.2:22956614",1
"NC_019881.2:2962105",2
"NC_019881.2:2988055",5
"NC_019881.2:4152266",4
"NC_019881.2:6762029",78
"NC_019881.2:6762052",79
"NC_019881.2:6762073",79
"NC_019881.2:895190",1
"NC_019881.2:9723073",4
"NC_019881.2:9843445",1
"NC_019881.2:9877535",2
"NC_019881.2:9910141",1
"NC_019882.2:11020748",1
"NC_019882.2:1348387",1
"NC_019882.2:1351839",6
"NC_019882.2:18610916",79
"NC_019882.2:19483865",1
"NC_019882.2:23671542",9
"NC_019882.2:733284",3
"NC_019882.2:7520179",77
"NC_019882.2:9810479",14
