coeffs.format.X1	as.numeric.coeffs.format.X2....1	coeffs.format.X2	coeffs.df.coefficient..1.
1	Intercept	NA	NA	0.0254684975159074
2	NC_019859.2	1254923	1254924	0.149438110814102
3	NC_019859.2	8270621	8270622	-0.113697484258008
4	NC_019859.2	10170166	10170167	0.0776970678747774
5	NC_019859.2	25820119	25820120	-0.193277678669506
6	NC_019859.2	28411305	28411306	-0.0289823353110873
7	NC_019859.2	34852333	34852334	-0.18648971002206
8	NC_019859.2	35922700	35922701	-0.0346522396660643
9	NC_019860.2	443558	443559	0.165440893276555
10	NC_019860.2	443604	443605	0.0286795198052256
11	NC_019860.2	5963344	5963345	0.232583119484902
12	NC_019860.2	17102862	17102863	0.00381990446648773
13	NC_019861.2	1900717	1900718	-0.099071781126655
14	NC_019861.2	2733201	2733202	-0.00983157594105556
15	NC_019861.2	6578553	6578554	0.00752917025599717
16	NC_019861.2	21322360	21322361	0.132195544625646
17	NC_019861.2	25621624	25621625	0.000592869591950281
18	NC_019862.2	7908249	7908250	-0.00275603385975445
19	NC_019862.2	8173495	8173496	-0.030307657233823
20	NC_019862.2	18067762	18067763	0.275332734343793
21	NC_019863.2	10916391	10916392	-0.171307369205856
22	NC_019863.2	21477919	21477920	0.00482628491246955
23	NC_019863.2	26320091	26320092	-0.0466330876167773
24	NC_019863.2	30686689	30686690	0.0127654523639904
25	NC_019863.2	30770314	30770315	-0.440213022085528
26	NC_019863.2	32576483	32576484	0.0124829561316669
27	NC_019864.2	320994	320995	-0.0157431807211875
28	NC_019864.2	1213005	1213006	0.170480700617101
29	NC_019864.2	30961007	30961008	0.170232216240775
30	NC_019865.2	908986	908987	-0.125852512051742
31	NC_019865.2	10635666	10635667	-0.0486126870803977
32	NC_019865.2	23775450	23775451	0.0208728066046222
33	NC_019865.2	24138989	24138990	-0.0363069182001277
34	NC_019865.2	31199955	31199956	-0.166933914258589
35	NC_019866.2	9407915	9407916	0.0314734435833249
36	NC_019866.2	12667095	12667096	-0.0380401116297257
37	NC_019866.2	12667104	12667105	-0.0147908914835613
38	NC_019866.2	12667110	12667111	-0.052480308304721
39	NC_019866.2	14923364	14923365	-0.0203272730223098
40	NC_019866.2	17171901	17171902	-0.00867073964191393
41	NC_019866.2	22748472	22748473	0.233958705606155
42	NC_019866.2	22802183	22802184	0.0265398472246148
43	NC_019866.2	25140801	25140802	-0.0519667552342919
44	NC_019867.2	14471458	14471459	-0.096831781182658
45	NC_019867.2	17897631	17897632	-0.0144249235500435
46	NC_019867.2	29444128	29444129	-0.0494072548130177
47	NC_019868.2	12478745	12478746	0.188683932312495
48	NC_019868.2	20703157	20703158	-0.0262622810388066
49	NC_019869.2	15915411	15915412	-0.0570246635024967
50	NC_019869.2	20199319	20199320	0.012272342864525
51	NC_019869.2	21479922	21479923	0.0782582311394872
52	NC_019870.2	1840746	1840747	-0.0134651183307602
53	NC_019870.2	2155829	2155830	-0.281814324464796
54	NC_019870.2	3148161	3148162	0.168367697625856
55	NC_019870.2	5489377	5489378	-0.000162993209310229
56	NC_019870.2	13553583	13553584	0.0104482561397519
57	NC_019870.2	14391824	14391825	0.0362670908179516
58	NC_019870.2	20749386	20749387	0.0203073477083528
59	NC_019870.2	26127006	26127007	-0.037148040140364
60	NC_019870.2	28788150	28788151	0.0315742615219412
61	NC_019871.2	30218478	30218479	-0.0538558746905936
62	NC_019871.2	31057191	31057192	-0.0436590391323481
63	NC_019872.2	719700	719701	-0.0151592472572019
64	NC_019872.2	7735789	7735790	0.0515547164396893
65	NC_019873.2	30221382	30221383	-0.0288712972764075
66	NC_019874.2	4981429	4981430	0.0648567623967955
67	NC_019875.2	164251	164252	-0.00971346173472525
68	NC_019875.2	3447367	3447368	-0.0174337639172508
69	NC_019875.2	13634492	13634493	0.0360690329798164
70	NC_019875.2	27543792	27543793	0.0229798358502981
71	NC_019875.2	30440905	30440906	-0.031742647165596
72	NC_019876.2	5486695	5486696	0.0814203122433151
73	NC_019876.2	9855988	9855989	-0.0677718933372558
74	NC_019877.2	165948	165949	0.0747841274754653
75	NC_019877.2	19622988	19622989	-0.0330645642298737
76	NC_019877.2	25456782	25456783	-0.0868545020811007
77	NC_019878.2	2446550	2446551	0.0384964393981067
78	NC_019878.2	4292654	4292655	-0.00687584422146265
79	NC_019878.2	21292680	21292681	0.165177928675525
80	NC_019878.2	23800381	23800382	0.0391084211811251
81	NC_019879.2	28721690	28721691	0.0126693440862434
82	NC_019880.2	17148	17149	-0.0170299685703355
83	NC_019880.2	840584	840585	0.055339023323238
84	NC_019880.2	17698711	17698712	0.034808239216818
85	NC_019880.2	17942098	17942099	-0.00750558302248479
86	NC_019880.2	24095173	24095174	0.0428349558720788
87	NC_019881.2	4154404	4154405	-0.0799056706578022
88	NC_019881.2	9414623	9414624	-0.000686992554328214
89	NC_019881.2	23386965	23386966	0.0979817242606434
90	NC_019881.2	23525000	23525001	0.265777917673189
