coeffs.format.X1	coeffs.df.coefficient..1.
1	Intercept	-4.44462741214828
2	LOC100301611	0.00456002146792586
3	LOC101154795	0.00986757937099013
4	LOC101157644	0.0210397460821346
5	LOC101161079	0.00318615746112385
6	LOC101161957	0.00856051317400013
7	LOC101163662	0.00102960282672649
8	LOC101164563	0.00776375866702459
9	LOC101165591	0.0417529861111106
10	LOC101165657	0.00253990490163189
11	LOC101169209	-0.00274911323361562
12	LOC101169846	-0.0015004419461063
13	LOC101170103	0.0015539012257455
14	LOC101171895	-0.00068250385636532
15	LOC101172481	-0.00401470185386445
16	LOC101173412	0.00305493241225599
17	LOC101175168	-0.00303496647466258
18	LOC105354919	-0.00354818811667949
19	LOC105357036	-0.00205709206753576
20	LOC105358148	-0.000396987890992091
21	LOC110013392	0.000901149253094543
22	LOC110017659	-0.0008060694046483
23	LOC111946352	0.0195676131303165
24	LOC111946475	-0.000317630416610775
25	LOC111946884	0.00491772874519559
26	LOC111947472	0.0197915112339357
27	LOC111947857	0.00531055980403557
28	LOC111948636	0.00359999370996963
29	LOC111948859	-0.00110368605567652
30	LOC111948939	0.00719299898257956
31	LOC111949014	0.00333582600151056
32	aebp2	0.029558169814084
33	aes	-0.00383374675480721
34	alx3	0.0434808236837856
35	ankrd39	0.000457170184797065
36	col8a1	-0.00110208439149769
37	ebna1bp2	0.00072918372198702
38	fgf20b	0.00262307715183688
39	fut7a	-0.00121443974960539
40	lrrc2	-0.00274196269317039
41	mab21l2	0.0031256190131202
42	me1	-0.00261027277658113
43	mfrp	-0.001855526895974
44	mirlet7a-3	-0.000239080347403867
45	ncmap	-0.00174627924041217
46	nxt2	0.00244841237858482
47	ppara	-0.00543216190725769
48	ppp1r3c	0.00734336494268221
49	sec14l2	-0.00176844888949024
50	traip	0.0147534746996044
51	trnar-ccg	-0.00108453535762417
