"","ID","Cohort","Hatch","Age","Fin_sex","Gonad_sex","Tot_wgt","Gonad_wgt","GSI","Egg_wgt","Gonad_score","Std_length","Tot_length","Fin_branch","K","AgeTrans","EntropyAge"
"1","X1","Oct '19","10/13-15/2019",29,"M","M",0.323,0.002,0.619195046439629,NA,3,2.8,3.5,2,0.7533527696793,1.8981018981019,19.504059263887
"2","X2","Nov '19","11/12-20/2019",28,"M","M",0.3077,0.0022,0.714982125446864,NA,3,2.2,2.9,2,1.26163434335151,1.7982017982018,17.7944556848426
"3","X3","Dec '19","12/16-20/2019",27,"M","M",0.1738,0.0003,0.172612197928654,NA,2,2.1,2.7,2,0.882995478331555,1.6983016983017,7.27850738590575
"4","X6","Jun '20","6/17-25/2020",21,"F","F",0.204,0.0059,2.8921568627451,NA,1,2.2,2.8,2,0.92930029154519,1.0989010989011,17.3878140011148
"5","X7","Oct '19","10/13-15/2019",29,"F","F",0.2207,0.0169,7.65745355686452,NA,2,2.3,2.9,2,0.904916150723687,1.8981018981019,19.8024594970249
"6","X8","Nov '19","11/12-20/2019",28,"F","F",0.2328,0.0136,5.84192439862543,0.0103,2,2.2,2.8,2,1.06049562682216,1.7982017982018,22.2820606361625
"7","X9","Dec '19","12/16-20/2019",27,"F","F",0.3507,0.001,0.285143997718848,NA,1,2.5,3.2,2,1.07025146484375,1.6983016983017,20.2538841669084
"8","X10","Feb '20","2/18-19/2020",25,"M","M",0.2247,0.0005,0.222518914107699,NA,2,2.4,3,2,0.832222222222222,1.4985014985015,18.7754786125851
"9","X11","Feb '20","2/18-19/2020",25,"F","F",0.2038,0.015,7.36015701668302,NA,2,2.2,2.7,2,1.03541126860743,1.4985014985015,18.1415999406488
"10","X12","Apr '20","4/17-24/2020",23,"F","F",0.2809,0.0232,8.25916696333215,NA,3,2.5,3.1,2,0.94290221879091,1.2987012987013,16.1041194419641
"11","X13","Apr '20","4/17-24/2020",23,"F","F",0.2539,0.0124,4.88381252461599,NA,2,2.4,2.9,2,1.04104309319775,1.2987012987013,13.5011087067355
"12","X14","Jun '20","6/17-25/2020",21,"M","M",0.2054,0.001,0.486854917234664,NA,2.5,2.4,2.9,2,0.842182951330518,1.0989010989011,18.8543349088574
"13","X15","Jun '20","6/17-25/2020",21,"F","F",0.2264,0.0133,5.87455830388693,NA,2,2.2,2.8,2,1.03134110787172,1.0989010989011,15.9363878739975
"14","X16","Oct '19","10/13-15/2019",29,"F","F",0.2177,0.0057,2.6182820395039,NA,1,2.2,2.7,2,1.10603058476858,1.8981018981019,19.5251119691757
"15","X17","Dec '19","12/16-20/2019",27,"M","F",0.176,0.009,5.11363636363636,NA,1,2.2,2.8,2,0.801749271137026,1.6983016983017,19.4185088856555
"16","X18","Dec '19","12/16-20/2019",27,"M","M",0.2175,0.0011,0.505747126436782,NA,3,2.3,2.9,2,0.89179548156956,1.6983016983017,16.9675816483868
"17","X19","Nov '19","11/12-20/2019",28,"F","F",0.1345,0.0042,3.12267657992565,NA,1,2,2.5,2,0.8608,1.7982017982018,18.9277298701205
"18","X20","Nov '19","11/12-20/2019",28,"M","M",0.2672,0.001,0.374251497005988,NA,2,2.3,2.9,2,1.09557587436959,1.7982017982018,13.9128015995967
"19","X24","Aug '20","8/14-18/2020",19,"F","F",0.2191,0.0071,3.24052943861251,NA,2,2.4,3,2,0.811481481481481,0.899100899100899,16.8598329583652
"20","X25","Oct '20","10/17-20/2020",17,"M","M",0.1949,0.0009,0.461775269368907,NA,3,2.1,2.7,2,0.990194584158919,0.699300699300699,11.2108262826147
"21","X26","Oct '20","10/17-20/2020",17,"F","F",0.172,0.0074,4.30232558139535,NA,2,2.1,2.6,2,0.978607191624943,0.699300699300699,15.1661170387775
"22","X27","Aug '20","8/14-18/2020",19,"M","M",0.1653,0.0009,0.544464609800363,NA,2,2,2.5,2,1.05792,0.899100899100899,14.4895930970617
"23","X29","Oct '20","10/17-20/2020",17,"M","M",0.1123,NA,0,NA,1,2,2.5,1,0.71872,0.699300699300699,14.1502635176025
"24","X30","Oct '20","10/17-20/2020",17,"F","F",0.1768,0.0089,5.03393665158371,NA,2,2,2.6,2,1.00591715976331,0.699300699300699,9.20330281765371
"25","X31","Aug '20","8/14-18/2020",19,"M","M",0.1772,0.0008,0.451467268623025,NA,3,2.3,2.8,2,0.807215743440233,0.899100899100899,11.8377017201252
"26","X32","Aug '20","8/14-18/2020",19,"F","F",0.2673,0.0152,5.68649457538347,NA,3,2.6,3.2,2,0.81573486328125,0.899100899100899,11.4382770206949
"27","X33","Oct '20","10/17-20/2020",17,"M","M",0.2166,0.0018,0.831024930747922,NA,3,2.4,3,2,0.802222222222222,0.699300699300699,14.1857508920013
"28","X35","Oct '20","10/17-20/2020",17,"M","M",0.2452,0.0015,0.611745513866232,NA,3,2.3,2.9,2,1.00537127393497,0.699300699300699,15.929376240456
"29","X36","Nov '20","11/13-19/2020",16,"M","M",0.1486,0.0006,0.403768506056528,NA,3,2,2.5,2,0.95104,0.599400599400599,16.6683047899446
"30","X37","Nov '20","11/13-19/2020",16,"F","F",0.1787,0.0094,5.26021264689424,NA,2,2.2,2.7,2,0.907890057409948,0.599400599400599,9.77561000174853
"31","X40","Jan '21","1/22-26/2021",14,"M","M",0.114,0.0005,0.43859649122807,NA,2,2,2.5,2,0.7296,0.3996003996004,12.0389340853037
"32","X42","Nov '20","11/13-19/2020",16,"F","F",0.1556,0.0058,3.72750642673522,NA,2,2.1,2.6,2,0.885298133818844,0.599400599400599,18.3389004574112
"33","X43","Nov '20","11/13-19/2020",16,"M","M",0.1752,NA,0,NA,1,2.2,2.7,2,0.890108215211096,0.599400599400599,14.9683219144872
"34","X47","Jan '21","1/22-26/2021",14,"F","F",0.0879,0.0012,1.36518771331058,NA,1,1.3,2.2,1,0.825507137490608,0.3996003996004,13.1263972869987
"35","X49","Nov '20","11/13-19/2020",16,"M","M",0.1617,0.0002,0.123685837971552,NA,2,2.1,2.7,2,0.821521109586953,0.599400599400599,19.1201067473427
"36","X50","Jan '21","1/22-26/2021",14,"F","F",0.1547,0.0082,5.30058177117001,NA,2,2.1,2.6,2,0.880177514792899,0.3996003996004,13.7165706201657
"37","X51","Jan '21","1/22-26/2021",14,"F","F",0.1711,0.0043,2.51315020455874,NA,1,2.1,2.6,2,0.973486572598999,0.3996003996004,15.3555173757669
"38","X52","Nov '20","11/13-19/2020",16,"F","F",0.1763,0.007,3.97050482132728,NA,2,2,2.45,2,1.19882021946638,0.599400599400599,12.2206714501786
"39","X53","Nov '20","11/13-19/2020",16,"M","M",0.1629,0.0007,0.429711479435236,NA,3,2,2.5,2,1.04256,0.599400599400599,13.7537022072954
"40","X54","Jan '21","1/22-26/2021",14,"M","M",0.1294,0.0016,1.23647604327666,NA,3,1.9,2.4,2,0.936053240740741,0.3996003996004,8.11890494367853
"41","X56","Jan '21","1/22-26/2021",14,"F","F",0.2155,0.0034,1.57772621809745,NA,1,2.3,2.9,2,0.883595063348231,0.3996003996004,12.3868432848122
"42","X59","May '21","5/20-25/2021",10,"M","M",0.1688,0.0007,0.414691943127962,NA,3,2.1,2.7,2,0.85759284661891,-0.000999500333083159,14.8743648625532
"43","X60","May '21","5/20-25/2021",10,"F","F",0.1688,0.0095,5.62796208530806,NA,2,2.1,2.6,2,0.960400546199363,-0.000999500333083159,13.9809599609728
"44","X65","May '21","5/20-25/2021",10,"M","M",0.1912,0.0013,0.679916317991632,NA,3,2.4,2.9,2,0.78395998195908,-0.000999500333083159,12.1298612921511
"45","X68","Jun '21","6/15/2021",9,"F","F",0.155,0.0033,2.12903225806452,NA,1,2,2.5,1,0.992,-0.106360015990909,17.1077302988543
"46","X70","May '21","5/20-25/2021",10,"F","F",0.1448,0.009,6.21546961325967,NA,3,2,2.5,1,0.92672,-0.000999500333083159,9.25110303719491
"47","X71","May '21","5/20-25/2021",10,"M","M",0.2121,0.0013,0.612918434700613,NA,3,2.4,2.9,2,0.869654352371971,-0.000999500333083159,11.2040151125337
"48","X72","Jun '21","6/15/2021",9,"M","M",0.1414,0.0007,0.495049504950495,NA,2,2.1,2.6,2,0.804506144742831,-0.106360015990909,13.7226035880331
"49","X73","Jun '21","6/15/2021",9,"F","F",0.1439,0.0093,6.46282140375261,0.0055,3,2,2.5,2,0.92096,-0.106360015990909,13.703720676681
"50","X74","Jun '21","6/15/2021",9,"M","M",0.1121,0.0007,0.624442462087422,NA,2,2,2.5,1,0.71744,-0.106360015990909,8.39804923393528
"51","X75","Jun '21","6/15/2021",9,"F","F",0.1916,0.0107,5.58455114822547,NA,3,2.2,2.7,1,0.973428847228573,-0.106360015990909,7.54575280264388
"52","X76","Jul '21","7/14-16/2021",8,"F","F",0.1749,0.0081,4.63121783876501,NA,2,2.2,2.8,2,0.79673833819242,-0.224143051647293,9.97033299922541
"53","X77","Jul '21","7/14-16/2021",8,"F","F",0.1662,0.0079,4.75330926594465,NA,2,2.2,2.7,2,0.844383478128334,-0.224143051647293,7.59901792845239
"54","X78","Aug '21","8/17/2021",7,"F","F",0.1329,0.005,3.76222723852521,0.0016,2,1.9,2.4,1,0.961371527777778,-0.357674444271816,10.2687585302801
"55","X81","Sept '21","9/14/2021",6,"M","M",0.2027,0.0035,1.72668968919586,NA,4,2.4,2.9,2,0.831112386731723,-0.511825124099074,14.7149772661008
"56","X82","Jul '21","7/14-16/2021",8,"F","F",0.1318,0.0043,3.26251896813354,NA,2,2.1,2.5,2,0.84352,-0.224143051647293,12.7268408999149
"57","X83","Jul '21","7/14-16/2021",8,"Im","M",0.0455,NA,0,NA,1,1.4,1.6,0,1.11083984375,-0.224143051647293,10.9066879422294
"58","X85","Aug '21","8/17/2021",7,"F","F",0.104,0.0051,4.90384615384615,NA,2,1.7,2.2,1,0.976709241172051,-0.357674444271816,10.7212866217821
"59","X87","Sept '21","9/14/2021",6,"F","F",0.0856,0.001,1.16822429906542,NA,1,1.8,2.1,1,0.924306230428679,-0.511825124099074,11.149818878238
"60","X88","Jul '21","7/14-16/2021",8,"M","M",0.1661,0.0018,1.08368452739314,NA,3,2.2,2.7,1,0.843875425494081,-0.224143051647293,9.36482567842261
"61","X91","Aug '21","8/17/2021",7,"F","F",0.1308,0.0024,1.8348623853211,NA,1,2,2.5,1,0.83712,-0.357674444271816,11.9090149432889
"62","X94","Jul '21","7/14-16/2021",8,"M","M",0.1753,0.0014,0.798630918425556,NA,3,2.4,2.9,2,0.718766657099512,-0.224143051647293,11.2611227509109
"63","X95","Aug '21","8/17/2021",7,"M","M",0.1057,0.0006,0.567644276253548,NA,3,1.9,2.3,1,0.868743322100765,-0.357674444271816,10.0679074575495
"64","X98","Oct '21","10/17-18/2021",5,"M","M",0.1083,0.0004,0.369344413665743,NA,2.5,1.9,2.3,1,0.890112599654804,-0.694146680893029,7.98590021853086
"65","X99","Aug '21","8/17/2021",7,"M","M",0.0732,NA,0,NA,1,1.5,1.9,1,1.06721096369733,-0.357674444271816,9.25338167294244
"66","X101","Oct '21","10/18-21/2021",5,"F","F",0.192,0.0104,5.41666666666667,NA,3,2.1,2.6,2,1.09239872553482,-0.694146680893029,9.08499209904436
"67","X102","Oct '21","10/18-21/2021",5,"F","F",0.2054,0.0178,8.66601752677702,0.003,3,2.2,2.7,1,1.04354011075547,-0.694146680893029,10.3462207739797
"68","X103","Oct '21","10/17-18/2021",5,"F","F",0.1303,0.0044,3.37682271680737,0.0068,3,2,2.4,1,0.942563657407407,-0.694146680893029,7.86440963463164
"69","X108","Oct '21","10/18-21/2021",5,"M","M",0.1618,0.0016,0.988875154511743,NA,3,2,2.4,1,1.17042824074074,-0.694146680893029,14.3878411635393
"70","X110","Oct '21","10/18-21/2021",5,"M","M",0.0735,NA,0,NA,2,1.6,2,0,0.91875,-0.694146680893029,9.22301007714962
"71","X111","Nov '21","11/21-22/2021",4,"F","F",0.0832,0.0014,1.68269230769231,NA,1,1.6,2,1,1.04,-0.917290232207238,8.08819429505596
"72","X114","Nov '21","11/21-22/2021",4,"M","M",0.0765,0.0005,0.65359477124183,NA,2,1.2,1.6,1,1.86767578125,-0.917290232207238,11.9741283399282
"73","X117","Nov '21","11/21-22/2021",4,"F","F",0.0956,0.0036,3.76569037656904,NA,1,1.7,2.1,1,1.03228593024511,-0.917290232207238,12.8877841767967
"74","X120","Nov '21","11/22-29/2021",4,"F","F",0.2006,0.0141,7.02891326021934,NA,2,2,2.5,1,1.28384,-0.917290232207238,10.7985256293801
"75","X123","Dec '21","12/15/2021",3,"F","F",0.0534,0.0002,0.374531835205993,NA,1,1.5,1.8,0,0.915637860082304,-1.20497230465902,6.92198730782055
"76","X125","Dec '21","12/15/2021",3,NA,"M",0.0907,NA,0,NA,1,1.7,2,1,1.13375,-1.20497230465902,7.41698414639141
"77","X130","Dec '21","12/15/2021",3,"M","M",0.1657,0.0007,0.422450211225106,NA,3,2,2.5,1,1.06048,-1.20497230465902,6.44569318516002
"78","X132","Dec '21","12/15-16/2021",3,"F","F",0.0641,0.0016,2.49609984399376,NA,1.5,1.5,1.8,1,1.09910836762689,-1.20497230465902,7.11980830105057
"79","X133","Jan '22","1/24/2022",2,"M","M",0.0849,0.0005,0.588928150765607,NA,3,1.7,2.1,1,0.916747651441529,-1.61043741276718,5.68180203581758
