"","ID","Cohort","Hatch","Age","Fin_sex","Gonad_sex","Tot_wgt","Gonad_wgt","GSI","Egg_wgt","Gonad_score","Std_length","Tot_length","Fin_branch","K","AgeTrans","R2trains","Predicted_age","Test_Error"
"1","X1","Oct '19","10/13-15/2019",29,"M","M",0.323,0.002,0.619195046439629,NA,3,2.8,3.5,2,0.7533527696793,1.8981018981019,0.929698321524806,20.8156017461848,-8.18439825381517
"2","X2","Nov '19","11/12-20/2019",28,"M","M",0.3077,0.0022,0.714982125446864,NA,3,2.2,2.9,2,1.26163434335151,1.7982017982018,0.93104780178412,22.984415658415,-5.015584341585
"3","X3","Dec '19","12/16-20/2019",27,"M","M",0.1738,0.0003,0.172612197928654,NA,2,2.1,2.7,2,0.882995478331555,1.6983016983017,0.930629693969009,15.3558289785033,-11.6441710214967
"4","X6","Jun '20","6/17-25/2020",21,"F","F",0.204,0.0059,2.8921568627451,NA,1,2.2,2.8,2,0.92930029154519,1.0989010989011,0.93115310467146,14.8761380265182,-6.12386197348176
"5","X7","Oct '19","10/13-15/2019",29,"F","F",0.2207,0.0169,7.65745355686452,NA,2,2.3,2.9,2,0.904916150723687,1.8981018981019,0.93023016500859,18.9578017288283,-10.0421982711717
"6","X8","Nov '19","11/12-20/2019",28,"F","F",0.2328,0.0136,5.84192439862543,0.0103,2,2.2,2.8,2,1.06049562682216,1.7982017982018,0.929629473320182,17.0274928741048,-10.9725071258952
"7","X9","Dec '19","12/16-20/2019",27,"F","F",0.3507,0.001,0.285143997718848,NA,1,2.5,3.2,2,1.07025146484375,1.6983016983017,0.927212203517426,20.1415121805077,-6.85848781949232
"8","X10","Feb '20","2/18-19/2020",25,"M","M",0.2247,0.0005,0.222518914107699,NA,2,2.4,3,2,0.832222222222222,1.4985014985015,0.929788551410079,19.6884689020104,-5.31153109798964
"9","X11","Feb '20","2/18-19/2020",25,"F","F",0.2038,0.015,7.36015701668302,NA,2,2.2,2.7,2,1.03541126860743,1.4985014985015,0.932151494340649,15.4461187704824,-9.55388122951759
"10","X12","Apr '20","4/17-24/2020",23,"F","F",0.2809,0.0232,8.25916696333215,NA,3,2.5,3.1,2,0.94290221879091,1.2987012987013,0.929525484709334,18.6933886010187,-4.30661139898127
"11","X13","Apr '20","4/17-24/2020",23,"F","F",0.2539,0.0124,4.88381252461599,NA,2,2.4,2.9,2,1.04104309319775,1.2987012987013,0.932447142502881,19.5507975826439,-3.44920241735607
"12","X14","Jun '20","6/17-25/2020",21,"M","M",0.2054,0.001,0.486854917234664,NA,2.5,2.4,2.9,2,0.842182951330518,1.0989010989011,0.930295626778572,17.0385268576529,-3.96147314234712
"13","X15","Jun '20","6/17-25/2020",21,"F","F",0.2264,0.0133,5.87455830388693,NA,2,2.2,2.8,2,1.03134110787172,1.0989010989011,0.930912575174217,17.2945390197119,-3.70546098028809
"14","X16","Oct '19","10/13-15/2019",29,"F","F",0.2177,0.0057,2.6182820395039,NA,1,2.2,2.7,2,1.10603058476858,1.8981018981019,0.931752579917462,20.5301917400904,-8.4698082599096
"15","X17","Dec '19","12/16-20/2019",27,"M","F",0.176,0.009,5.11363636363636,NA,1,2.2,2.8,2,0.801749271137026,1.6983016983017,0.931133149848773,18.9696505460722,-8.03034945392782
"16","X18","Dec '19","12/16-20/2019",27,"M","M",0.2175,0.0011,0.505747126436782,NA,3,2.3,2.9,2,0.89179548156956,1.6983016983017,0.930840105630335,22.9164265272467,-4.08357347275327
"17","X19","Nov '19","11/12-20/2019",28,"F","F",0.1345,0.0042,3.12267657992565,NA,1,2,2.5,2,0.8608,1.7982017982018,0.929041634755491,18.9382509889121,-9.06174901108791
"18","X20","Nov '19","11/12-20/2019",28,"M","M",0.2672,0.001,0.374251497005988,NA,2,2.3,2.9,2,1.09557587436959,1.7982017982018,0.929020562267303,21.2700921337545,-6.72990786624555
"19","X22","Jun '20","6/17-25/2020",21,"M","M",0.1084,NA,0,NA,1,1.8,2.3,2,0.890934494945344,1.0989010989011,0.929328351057743,12.1285159692175,-8.87148403078249
"20","X24","Aug '20","8/14-18/2020",19,"F","F",0.2191,0.0071,3.24052943861251,NA,2,2.4,3,2,0.811481481481481,0.899100899100899,0.931500248880254,17.6951424425542,-1.3048575574458
"21","X25","Oct '20","10/17-20/2020",17,"M","M",0.1949,0.0009,0.461775269368907,NA,3,2.1,2.7,2,0.990194584158919,0.699300699300699,0.928976072024088,12.2985802776746,-4.70141972232544
"22","X26","Oct '20","10/17-20/2020",17,"F","F",0.172,0.0074,4.30232558139535,NA,2,2.1,2.6,2,0.978607191624943,0.699300699300699,0.93132340557184,18.4998220049428,1.49982200494282
"23","X27","Aug '20","8/14-18/2020",19,"M","M",0.1653,0.0009,0.544464609800363,NA,2,2,2.5,2,1.05792,0.899100899100899,0.930908427713549,19.3762260466633,0.376226046663319
"24","X28","Aug '20","8/14-18/2020",19,"F","F",0.1709,0.0022,1.28730251609128,NA,1,2.2,2.8,2,0.778516763848397,0.899100899100899,0.932586541345468,15.4982273074163,-3.50177269258373
"25","X29","Oct '20","10/17-20/2020",17,"M","M",0.1123,NA,0,NA,1,2,2.5,1,0.71872,0.699300699300699,0.931579369700572,14.7475176844184,-2.25248231558157
"26","X30","Oct '20","10/17-20/2020",17,"F","F",0.1768,0.0089,5.03393665158371,NA,2,2,2.6,2,1.00591715976331,0.699300699300699,0.932787439509332,22.2040044661756,5.20400446617557
"27","X31","Aug '20","8/14-18/2020",19,"M","M",0.1772,0.0008,0.451467268623025,NA,3,2.3,2.8,2,0.807215743440233,0.899100899100899,0.931337326794401,15.125984692149,-3.87401530785097
"28","X32","Aug '20","8/14-18/2020",19,"F","F",0.2673,0.0152,5.68649457538347,NA,3,2.6,3.2,2,0.81573486328125,0.899100899100899,0.931531192471455,19.0335643291332,0.0335643291332239
"29","X33","Oct '20","10/17-20/2020",17,"M","M",0.2166,0.0018,0.831024930747922,NA,3,2.4,3,2,0.802222222222222,0.699300699300699,0.931780081998742,21.0186314024089,4.0186314024089
"30","X34","Oct '20","10/17-20/2020",17,"M","M",0.1539,0.0001,0.0649772579597141,NA,2,2.2,2.7,2,0.781893004115226,0.699300699300699,0.936391049910652,8.30057852688207,-8.69942147311793
"31","X35","Oct '20","10/17-20/2020",17,"M","M",0.2452,0.0015,0.611745513866232,NA,3,2.3,2.9,2,1.00537127393497,0.699300699300699,0.931111835187472,12.6998554776698,-4.30014452233016
"32","X36","Nov '20","11/13-19/2020",16,"M","M",0.1486,0.0006,0.403768506056528,NA,3,2,2.5,2,0.95104,0.599400599400599,0.93040944578798,8.2299599954617,-7.7700400045383
"33","X37","Nov '20","11/13-19/2020",16,"F","F",0.1787,0.0094,5.26021264689424,NA,2,2.2,2.7,2,0.907890057409948,0.599400599400599,0.932683348606883,19.8819533772857,3.88195337728572
"34","X38","Dec '20","12/17-21/2020",15,"F","F",0.2215,0.017,7.67494356659142,NA,2,2.3,2.9,2,0.908196318012219,0.4995004995005,0.933522192063182,10.2596776771528,-4.74032232284722
"35","X39","Dec '20","12/17-21/2020",15,"F","F",0.2364,0.0344,14.5516074450085,NA,3,2.2,2.7,2,1.20103642737388,0.4995004995005,0.930682305727086,13.2121606739138,-1.7878393260862
"36","X40","Jan '21","1/22-26/2021",14,"M","M",0.114,0.0005,0.43859649122807,NA,2,2,2.5,2,0.7296,0.3996003996004,0.933820827611181,23.2293557717317,9.2293557717317
"37","X41","Jan '21","1/22-26/2021",14,"M","M",0.138,0.0007,0.507246376811594,NA,3,2,2.5,2,0.8832,0.3996003996004,0.929101541480958,23.1675041968694,9.16750419686941
"38","X42","Nov '20","11/13-19/2020",16,"F","F",0.1556,0.0058,3.72750642673522,NA,2,2.1,2.6,2,0.885298133818844,0.599400599400599,0.929621921074288,27.2132563330824,11.2132563330824
"39","X43","Nov '20","11/13-19/2020",16,"M","M",0.1752,NA,0,NA,1,2.2,2.7,2,0.890108215211096,0.599400599400599,0.931693602151035,16.7986024058323,0.798602405832341
"40","X44","Dec '20","12/17-21/2020",15,"F","F",0.2194,0.0012,0.546946216955333,NA,1,2.3,2.9,2,0.899585878879823,0.4995004995005,0.931338403116176,11.9356235098356,-3.06437649016443
"41","X46","Jan '21","1/22-26/2021",14,"M","M",0.1241,0.0003,0.24174053182917,NA,2,1.9,2.4,1,0.89771412037037,0.3996003996004,0.933335490984576,10.473978421558,-3.526021578442
"42","X47","Jan '21","1/22-26/2021",14,"F","F",0.0879,0.0012,1.36518771331058,NA,1,1.3,2.2,1,0.825507137490608,0.3996003996004,0.930889993070674,12.0358154975686,-1.96418450243145
"43","X49","Nov '20","11/13-19/2020",16,"M","M",0.1617,0.0002,0.123685837971552,NA,2,2.1,2.7,2,0.821521109586953,0.599400599400599,0.931569415572615,17.8279561520975,1.82795615209746
"44","X50","Jan '21","1/22-26/2021",14,"F","F",0.1547,0.0082,5.30058177117001,NA,2,2.1,2.6,2,0.880177514792899,0.3996003996004,0.931851978967347,17.5857323883819,3.5857323883819
"45","X51","Jan '21","1/22-26/2021",14,"F","F",0.1711,0.0043,2.51315020455874,NA,1,2.1,2.6,2,0.973486572598999,0.3996003996004,0.932218678995498,11.5517649648982,-2.44823503510179
"46","X52","Nov '20","11/13-19/2020",16,"F","F",0.1763,0.007,3.97050482132728,NA,2,2,2.45,2,1.19882021946638,0.599400599400599,0.931308671418431,13.9545585809595,-2.04544141904053
"47","X53","Nov '20","11/13-19/2020",16,"M","M",0.1629,0.0007,0.429711479435236,NA,3,2,2.5,2,1.04256,0.599400599400599,0.930790864360661,17.4795702814092,1.47957028140915
"48","X54","Jan '21","1/22-26/2021",14,"M","M",0.1294,0.0016,1.23647604327666,NA,3,1.9,2.4,2,0.936053240740741,0.3996003996004,0.92902191813653,6.70906372796894,-7.29093627203106
"49","X56","Jan '21","1/22-26/2021",14,"F","F",0.2155,0.0034,1.57772621809745,NA,1,2.3,2.9,2,0.883595063348231,0.3996003996004,0.93139929076838,12.6776322132075,-1.32236778679253
"50","X59","May '21","5/20-25/2021",10,"M","M",0.1688,0.0007,0.414691943127962,NA,3,2.1,2.7,2,0.85759284661891,-0.000999500333083159,0.933031464796239,14.5067093676001,4.50670936760012
"51","X60","May '21","5/20-25/2021",10,"F","F",0.1688,0.0095,5.62796208530806,NA,2,2.1,2.6,2,0.960400546199363,-0.000999500333083159,0.932562763243316,14.414954932345,4.41495493234496
"52","X61","Jun '21","6/15/2021",9,"M","M",0.1883,0.0014,0.743494423791822,NA,4,2.2,2.7,2,0.956663110298227,-0.106360015990909,0.932482603621965,9.06097166515668,0.0609716651566821
"53","X65","May '21","5/20-25/2021",10,"M","M",0.1912,0.0013,0.679916317991632,NA,3,2.4,2.9,2,0.78395998195908,-0.000999500333083159,0.930265805957811,19.7355414792966,9.73554147929661
"54","X68","Jun '21","6/15/2021",9,"F","F",0.155,0.0033,2.12903225806452,NA,1,2,2.5,1,0.992,-0.106360015990909,0.93023938663423,17.4147426756548,8.41474267565479
"55","X70","May '21","5/20-25/2021",10,"F","F",0.1448,0.009,6.21546961325967,NA,3,2,2.5,1,0.92672,-0.000999500333083159,0.933368526657623,7.68421465811792,-2.31578534188208
"56","X71","May '21","5/20-25/2021",10,"M","M",0.2121,0.0013,0.612918434700613,NA,3,2.4,2.9,2,0.869654352371971,-0.000999500333083159,0.931219298451695,10.7651870782702,0.76518707827022
"57","X72","Jun '21","6/15/2021",9,"M","M",0.1414,0.0007,0.495049504950495,NA,2,2.1,2.6,2,0.804506144742831,-0.106360015990909,0.932456066731399,7.58212234790544,-1.41787765209456
"58","X73","Jun '21","6/15/2021",9,"F","F",0.1439,0.0093,6.46282140375261,0.0055,3,2,2.5,2,0.92096,-0.106360015990909,0.932672492819155,15.4848639579032,6.48486395790321
"59","X74","Jun '21","6/15/2021",9,"M","M",0.1121,0.0007,0.624442462087422,NA,2,2,2.5,1,0.71744,-0.106360015990909,0.931437712828042,10.9770080453524,1.97700804535235
"60","X75","Jun '21","6/15/2021",9,"F","F",0.1916,0.0107,5.58455114822547,NA,3,2.2,2.7,1,0.973428847228573,-0.106360015990909,0.932757425648707,7.16636983536165,-1.83363016463835
"61","X76","Jul '21","7/14-16/2021",8,"F","F",0.1749,0.0081,4.63121783876501,NA,2,2.2,2.8,2,0.79673833819242,-0.224143051647293,0.931275352073904,9.81597970366744,1.81597970366744
"62","X77","Jul '21","7/14-16/2021",8,"F","F",0.1662,0.0079,4.75330926594465,NA,2,2.2,2.7,2,0.844383478128334,-0.224143051647293,0.929605342822765,13.1896554427689,5.18965544276891
"63","X78","Aug '21","8/17/2021",7,"F","F",0.1329,0.005,3.76222723852521,0.0016,2,1.9,2.4,1,0.961371527777778,-0.357674444271816,0.929840381833366,11.552437520467,4.552437520467
"64","X81","Sept '21","9/14/2021",6,"M","M",0.2027,0.0035,1.72668968919586,NA,4,2.4,2.9,2,0.831112386731723,-0.511825124099074,0.931441704705664,6.99012409982279,0.990124099822792
"65","X82","Jul '21","7/14-16/2021",8,"F","F",0.1318,0.0043,3.26251896813354,NA,2,2.1,2.5,2,0.84352,-0.224143051647293,0.930677072869343,13.6067357658077,5.60673576580774
"66","X83","Jul '21","7/14-16/2021",8,"Im","M",0.0455,NA,0,NA,1,1.4,1.6,0,1.11083984375,-0.224143051647293,0.931977183114032,7.78857057088635,-0.211429429113653
"67","X85","Aug '21","8/17/2021",7,"F","F",0.104,0.0051,4.90384615384615,NA,2,1.7,2.2,1,0.976709241172051,-0.357674444271816,0.932385601914179,12.2085037530569,5.20850375305692
"68","X87","Sept '21","9/14/2021",6,"F","F",0.0856,0.001,1.16822429906542,NA,1,1.8,2.1,1,0.924306230428679,-0.511825124099074,0.930711355323762,7.09265124321964,1.09265124321964
"69","X88","Jul '21","7/14-16/2021",8,"M","M",0.1661,0.0018,1.08368452739314,NA,3,2.2,2.7,1,0.843875425494081,-0.224143051647293,0.931481127866756,12.0582263212906,4.05822632129059
"70","X90","Aug '21","8/17/2021",7,"M","M",0.0803,0.0005,0.62266500622665,NA,2.5,1.9,2.2,1,0.754132231404958,-0.357674444271816,0.933309996479362,5.44144154008159,-1.55855845991841
"71","X91","Aug '21","8/17/2021",7,"F","F",0.1308,0.0024,1.8348623853211,NA,1,2,2.5,1,0.83712,-0.357674444271816,0.931952679664976,13.9839498117774,6.98394981177743
"72","X94","Jul '21","7/14-16/2021",8,"M","M",0.1753,0.0014,0.798630918425556,NA,3,2.4,2.9,2,0.718766657099512,-0.224143051647293,0.932031575403271,8.29453344073957,0.294533440739569
"73","X95","Aug '21","8/17/2021",7,"M","M",0.1057,0.0006,0.567644276253548,NA,3,1.9,2.3,1,0.868743322100765,-0.357674444271816,0.930508315217464,10.6904416617512,3.69044166175123
"74","X98","Oct '21","10/17-18/2021",5,"M","M",0.1083,0.0004,0.369344413665743,NA,2.5,1.9,2.3,1,0.890112599654804,-0.694146680893029,0.932366836846278,7.67372791535444,2.67372791535444
"75","X99","Aug '21","8/17/2021",7,"M","M",0.0732,NA,0,NA,1,1.5,1.9,1,1.06721096369733,-0.357674444271816,0.930701687020966,4.50000849857918,-2.49999150142082
"76","X100","Aug '21","8/17/2021",7,"M","M",0.1185,0.0001,0.0843881856540084,NA,3,1.8,2.2,1,1.11288504883546,-0.357674444271816,0.933500247755847,13.8885991717385,6.88859917173853
"77","X101","Oct '21","10/18-21/2021",5,"F","F",0.192,0.0104,5.41666666666667,NA,3,2.1,2.6,2,1.09239872553482,-0.694146680893029,0.931841815826034,9.13427666292399,4.13427666292399
"78","X102","Oct '21","10/18-21/2021",5,"F","F",0.2054,0.0178,8.66601752677702,0.003,3,2.2,2.7,1,1.04354011075547,-0.694146680893029,0.936122829217089,14.0634732275574,9.06347322755739
"79","X103","Oct '21","10/17-18/2021",5,"F","F",0.1303,0.0044,3.37682271680737,0.0068,3,2,2.4,1,0.942563657407407,-0.694146680893029,0.927404256837451,10.74443854533,5.74443854533005
"80","X108","Oct '21","10/18-21/2021",5,"M","M",0.1618,0.0016,0.988875154511743,NA,3,2,2.4,1,1.17042824074074,-0.694146680893029,0.93057868902844,7.94324318803414,2.94324318803414
"81","X110","Oct '21","10/18-21/2021",5,"M","M",0.0735,NA,0,NA,2,1.6,2,0,0.91875,-0.694146680893029,0.930743879353728,5.43234494598271,0.43234494598271
"82","X111","Nov '21","11/21-22/2021",4,"F","F",0.0832,0.0014,1.68269230769231,NA,1,1.6,2,1,1.04,-0.917290232207238,0.932545769462156,7.54756422778645,3.54756422778645
"83","X114","Nov '21","11/21-22/2021",4,"M","M",0.0765,0.0005,0.65359477124183,NA,2,1.2,1.6,1,1.86767578125,-0.917290232207238,0.930529366821586,4.34346573194972,0.343465731949724
"84","X115","Nov '21","11/21-22/2021",4,"M","M",0.1264,0.0008,0.632911392405063,NA,3,2,2.4,1,0.914351851851852,-0.917290232207238,0.928646594305507,7.88869778862506,3.88869778862506
"85","X117","Nov '21","11/21-22/2021",4,"F","F",0.0956,0.0036,3.76569037656904,NA,1,1.7,2.1,1,1.03228593024511,-0.917290232207238,0.9314443622125,4.17874568736765,0.178745687367652
"86","X119","Nov '21","11/22-29/2021",4,"M","M",0.1796,0.0014,0.779510022271715,NA,3,2.1,2.5,1,1.14944,-0.917290232207238,0.930163618313905,9.45377304017144,5.45377304017144
"87","X120","Nov '21","11/22-29/2021",4,"F","F",0.2006,0.0141,7.02891326021934,NA,2,2,2.5,1,1.28384,-0.917290232207238,0.927067204526408,7.28886959061778,3.28886959061778
"88","X123","Dec '21","12/15/2021",3,"F","F",0.0534,0.0002,0.374531835205993,NA,1,1.5,1.8,0,0.915637860082304,-1.20497230465902,0.929977888669156,5.38549480251096,2.38549480251096
"89","X125","Dec '21","12/15/2021",3,NA,"M",0.0907,NA,0,NA,1,1.7,2,1,1.13375,-1.20497230465902,0.929081338424759,5.26580559297494,2.26580559297494
"90","X130","Dec '21","12/15/2021",3,"M","M",0.1657,0.0007,0.422450211225106,NA,3,2,2.5,1,1.06048,-1.20497230465902,0.932191596313066,6.44292094544544,3.44292094544544
"91","X132","Dec '21","12/15-16/2021",3,"F","F",0.0641,0.0016,2.49609984399376,NA,1.5,1.5,1.8,1,1.09910836762689,-1.20497230465902,0.929577302322285,4.35652639267832,1.35652639267832
"92","X133","Jan '22","1/24/2022",2,"M","M",0.0849,0.0005,0.588928150765607,NA,3,1.7,2.1,1,0.916747651441529,-1.61043741276718,0.934799543042544,4.74589095140757,2.74589095140757
"93","X134","Jan '22","1/24/2022",2,"F","F",0.1149,0.0025,2.17580504786771,NA,1.5,1.8,2.2,1,1.07907588279489,-1.61043741276718,0.92953183824839,10.7673113119072,8.76731131190719
"94","X135","Jan '22","1/24/2022",2,"Im","Im",0.0353,NA,0,NA,0.5,1.3,1.5,1,1.04592592592593,-1.61043741276718,0.930180590596834,5.66990129120419,3.66990129120419
"95","X137","Dec '21","12/15-16/2021",3,"Im","F",0.0471,NA,0,NA,0.5,1.4,1.7,1,0.958681050274781,-1.20497230465902,0.928620581903952,7.09097036963566,4.09097036963566
"96","X140","Jan '22","1/24/2022",2,"Im","M",0.0679,NA,0,NA,2,1.6,1.9,1,0.989940224522525,-1.61043741276718,0.931086361085424,1.52209278936696,-0.47790721063304
