,ID,Cohort,Hatch,Age,Fin_sex,Gonad_sex,Tot_wgt,Gonad_wgt,GSI,Egg_wgt,Gonad_score,Std_length,Tot_length,Fin_branch,K,AgeTrans,fitted,Set
1,X1,Oct '19,10/13-15/2019,29,M,M,0.323,0.002,0.619195046439629,NA,3,2.8,3.5,2,0.7533527696793,1.8981018981019,22.6776116087548,train
2,X2,Nov '19,11/12-20/2019,28,M,M,0.3077,0.0022,0.714982125446864,NA,3,2.2,2.9,2,1.26163434335151,1.7982017982018,24.9499028352033,train
3,X6,Jun '20,6/17-25/2020,21,F,F,0.204,0.0059,2.8921568627451,NA,1,2.2,2.8,2,0.92930029154519,1.0989010989011,16.160173944244,train
4,X7,Oct '19,10/13-15/2019,29,F,F,0.2207,0.0169,7.65745355686452,NA,2,2.3,2.9,2,0.904916150723687,1.8981018981019,22.6994088904242,train
5,X9,Dec '19,12/16-20/2019,27,F,F,0.3507,0.001,0.285143997718848,NA,1,2.5,3.2,2,1.07025146484375,1.6983016983017,22.3332398521447,train
6,X10,Feb '20,2/18-19/2020,25,M,M,0.2247,0.0005,0.222518914107699,NA,2,2.4,3,2,0.832222222222222,1.4985014985015,21.4198405075293,train
7,X11,Feb '20,2/18-19/2020,25,F,F,0.2038,0.015,7.36015701668302,NA,2,2.2,2.7,2,1.03541126860743,1.4985014985015,19.1490336923773,train
8,X12,Apr '20,4/17-24/2020,23,F,F,0.2809,0.0232,8.25916696333215,NA,3,2.5,3.1,2,0.94290221879091,1.2987012987013,19.0922480526478,train
9,X13,Apr '20,4/17-24/2020,23,F,F,0.2539,0.0124,4.88381252461599,NA,2,2.4,2.9,2,1.04104309319775,1.2987012987013,21.5683533227207,train
10,X14,Jun '20,6/17-25/2020,21,M,M,0.2054,0.001,0.486854917234664,NA,2.5,2.4,2.9,2,0.842182951330518,1.0989010989011,18.3209011146712,train
11,X15,Jun '20,6/17-25/2020,21,F,F,0.2264,0.0133,5.87455830388693,NA,2,2.2,2.8,2,1.03134110787172,1.0989010989011,19.0043870747511,train
12,X17,Dec '19,12/16-20/2019,27,M,F,0.176,0.009,5.11363636363636,NA,1,2.2,2.8,2,0.801749271137026,1.6983016983017,22.6964267749642,train
13,X18,Dec '19,12/16-20/2019,27,M,M,0.2175,0.0011,0.505747126436782,NA,3,2.3,2.9,2,0.89179548156956,1.6983016983017,23.8044803028655,train
14,X19,Nov '19,11/12-20/2019,28,F,F,0.1345,0.0042,3.12267657992565,NA,1,2,2.5,2,0.8608,1.7982017982018,22.0665640157244,train
15,X20,Nov '19,11/12-20/2019,28,M,M,0.2672,0.001,0.374251497005988,NA,2,2.3,2.9,2,1.09557587436959,1.7982017982018,23.0328067319192,train
16,X24,Aug '20,8/14-18/2020,19,F,F,0.2191,0.0071,3.24052943861251,NA,2,2.4,3,2,0.811481481481481,0.899100899100899,17.7193989582159,train
17,X26,Oct '20,10/17-20/2020,17,F,F,0.172,0.0074,4.30232558139535,NA,2,2.1,2.6,2,0.978607191624943,0.699300699300699,16.2955086461751,train
18,X27,Aug '20,8/14-18/2020,19,M,M,0.1653,0.0009,0.544464609800363,NA,2,2,2.5,2,1.05792,0.899100899100899,17.5925359533491,train
19,X28,Aug '20,8/14-18/2020,19,F,F,0.1709,0.0022,1.28730251609128,NA,1,2.2,2.8,2,0.778516763848397,0.899100899100899,16.6102968411863,train
20,X29,Oct '20,10/17-20/2020,17,M,M,0.1123,NA,0,NA,1,2,2.5,1,0.71872,0.699300699300699,15.3067015968232,train
21,X30,Oct '20,10/17-20/2020,17,F,F,0.1768,0.0089,5.03393665158371,NA,2,2,2.6,2,1.00591715976331,0.699300699300699,17.3672310542965,train
22,X32,Aug '20,8/14-18/2020,19,F,F,0.2673,0.0152,5.68649457538347,NA,3,2.6,3.2,2,0.81573486328125,0.899100899100899,17.5556238603559,train
23,X33,Oct '20,10/17-20/2020,17,M,M,0.2166,0.0018,0.831024930747922,NA,3,2.4,3,2,0.802222222222222,0.699300699300699,16.8573103142614,train
24,X35,Oct '20,10/17-20/2020,17,M,M,0.2452,0.0015,0.611745513866232,NA,3,2.3,2.9,2,1.00537127393497,0.699300699300699,14.1042577557872,train
25,X36,Nov '20,11/13-19/2020,16,M,M,0.1486,0.0006,0.403768506056528,NA,3,2,2.5,2,0.95104,0.599400599400599,12.8606737039196,train
26,X37,Nov '20,11/13-19/2020,16,F,F,0.1787,0.0094,5.26021264689424,NA,2,2.2,2.7,2,0.907890057409948,0.599400599400599,14.3357826237924,train
27,X39,Dec '20,12/17-21/2020,15,F,F,0.2364,0.0344,14.5516074450085,NA,3,2.2,2.7,2,1.20103642737388,0.4995004995005,12.5607047133357,train
28,X40,Jan '21,1/22-26/2021,14,M,M,0.114,0.0005,0.43859649122807,NA,2,2,2.5,2,0.7296,0.3996003996004,14.8835388863949,train
29,X41,Jan '21,1/22-26/2021,14,M,M,0.138,0.0007,0.507246376811594,NA,3,2,2.5,2,0.8832,0.3996003996004,15.3477235566724,train
30,X43,Nov '20,11/13-19/2020,16,M,M,0.1752,NA,0,NA,1,2.2,2.7,2,0.890108215211096,0.599400599400599,15.5711484743785,train
31,X44,Dec '20,12/17-21/2020,15,F,F,0.2194,0.0012,0.546946216955333,NA,1,2.3,2.9,2,0.899585878879823,0.4995004995005,11.3569750931715,train
32,X46,Jan '21,1/22-26/2021,14,M,M,0.1241,0.0003,0.24174053182917,NA,2,1.9,2.4,1,0.89771412037037,0.3996003996004,11.9632480278919,train
33,X49,Nov '20,11/13-19/2020,16,M,M,0.1617,0.0002,0.123685837971552,NA,2,2.1,2.7,2,0.821521109586953,0.599400599400599,16.8902546136218,train
34,X50,Jan '21,1/22-26/2021,14,F,F,0.1547,0.0082,5.30058177117001,NA,2,2.1,2.6,2,0.880177514792899,0.3996003996004,14.6782442387692,train
35,X51,Jan '21,1/22-26/2021,14,F,F,0.1711,0.0043,2.51315020455874,NA,1,2.1,2.6,2,0.973486572598999,0.3996003996004,12.9301658253582,train
36,X52,Nov '20,11/13-19/2020,16,F,F,0.1763,0.007,3.97050482132728,NA,2,2,2.45,2,1.19882021946638,0.599400599400599,15.8796965270917,train
37,X53,Nov '20,11/13-19/2020,16,M,M,0.1629,0.0007,0.429711479435236,NA,3,2,2.5,2,1.04256,0.599400599400599,17.2168969495585,train
38,X54,Jan '21,1/22-26/2021,14,M,M,0.1294,0.0016,1.23647604327666,NA,3,1.9,2.4,2,0.936053240740741,0.3996003996004,12.4045139486807,train
39,X56,Jan '21,1/22-26/2021,14,F,F,0.2155,0.0034,1.57772621809745,NA,1,2.3,2.9,2,0.883595063348231,0.3996003996004,13.1416185028725,train
40,X59,May '21,5/20-25/2021,10,M,M,0.1688,0.0007,0.414691943127962,NA,3,2.1,2.7,2,0.85759284661891,-0.000999500333083159,10.3820463577741,train
41,X60,May '21,5/20-25/2021,10,F,F,0.1688,0.0095,5.62796208530806,NA,2,2.1,2.6,2,0.960400546199363,-0.000999500333083159,10.5243523762637,train
42,X61,Jun '21,6/15/2021,9,M,M,0.1883,0.0014,0.743494423791822,NA,4,2.2,2.7,2,0.956663110298227,-0.106360015990909,8.34818254942601,train
43,X65,May '21,5/20-25/2021,10,M,M,0.1912,0.0013,0.679916317991632,NA,3,2.4,2.9,2,0.78395998195908,-0.000999500333083159,13.4981687428584,train
44,X68,Jun '21,6/15/2021,9,F,F,0.155,0.0033,2.12903225806452,NA,1,2,2.5,1,0.992,-0.106360015990909,10.1919188889018,train
45,X71,May '21,5/20-25/2021,10,M,M,0.2121,0.0013,0.612918434700613,NA,3,2.4,2.9,2,0.869654352371971,-0.000999500333083159,11.3677716202699,train
46,X72,Jun '21,6/15/2021,9,M,M,0.1414,0.0007,0.495049504950495,NA,2,2.1,2.6,2,0.804506144742831,-0.106360015990909,9.37697129851102,train
47,X73,Jun '21,6/15/2021,9,F,F,0.1439,0.0093,6.46282140375261,0.0055,3,2,2.5,2,0.92096,-0.106360015990909,8.60016888408752,train
48,X75,Jun '21,6/15/2021,9,F,F,0.1916,0.0107,5.58455114822547,NA,3,2.2,2.7,1,0.973428847228573,-0.106360015990909,9.30679875099631,train
49,X77,Jul '21,7/14-16/2021,8,F,F,0.1662,0.0079,4.75330926594465,NA,2,2.2,2.7,2,0.844383478128334,-0.224143051647293,9.73204554836659,train
50,X78,Aug '21,8/17/2021,7,F,F,0.1329,0.005,3.76222723852521,0.0016,2,1.9,2.4,1,0.961371527777778,-0.357674444271816,9.77327316125663,train
51,X81,Sept '21,9/14/2021,6,M,M,0.2027,0.0035,1.72668968919586,NA,4,2.4,2.9,2,0.831112386731723,-0.511825124099074,6.07996713344636,train
52,X82,Jul '21,7/14-16/2021,8,F,F,0.1318,0.0043,3.26251896813354,NA,2,2.1,2.5,2,0.84352,-0.224143051647293,10.0591114223945,train
53,X83,Jul '21,7/14-16/2021,8,Im,M,0.0455,NA,0,NA,1,1.4,1.6,0,1.11083984375,-0.224143051647293,8.82394949584454,train
54,X85,Aug '21,8/17/2021,7,F,F,0.104,0.0051,4.90384615384615,NA,2,1.7,2.2,1,0.976709241172051,-0.357674444271816,9.34286117003468,train
55,X87,Sept '21,9/14/2021,6,F,F,0.0856,0.001,1.16822429906542,NA,1,1.8,2.1,1,0.924306230428679,-0.511825124099074,6.90797644587571,train
56,X88,Jul '21,7/14-16/2021,8,M,M,0.1661,0.0018,1.08368452739314,NA,3,2.2,2.7,1,0.843875425494081,-0.224143051647293,9.06459155364773,train
57,X91,Aug '21,8/17/2021,7,F,F,0.1308,0.0024,1.8348623853211,NA,1,2,2.5,1,0.83712,-0.357674444271816,11.3767945659396,train
58,X95,Aug '21,8/17/2021,7,M,M,0.1057,0.0006,0.567644276253548,NA,3,1.9,2.3,1,0.868743322100765,-0.357674444271816,7.55209925152445,train
59,X99,Aug '21,8/17/2021,7,M,M,0.0732,NA,0,NA,1,1.5,1.9,1,1.06721096369733,-0.357674444271816,6.90719508388763,train
60,X100,Aug '21,8/17/2021,7,M,M,0.1185,0.0001,0.0843881856540084,NA,3,1.8,2.2,1,1.11288504883546,-0.357674444271816,8.14690154027038,train
61,X101,Oct '21,10/18-21/2021,5,F,F,0.192,0.0104,5.41666666666667,NA,3,2.1,2.6,2,1.09239872553482,-0.694146680893029,6.88490197397396,train
62,X102,Oct '21,10/18-21/2021,5,F,F,0.2054,0.0178,8.66601752677702,0.003,3,2.2,2.7,1,1.04354011075547,-0.694146680893029,8.55842831843683,train
63,X103,Oct '21,10/17-18/2021,5,F,F,0.1303,0.0044,3.37682271680737,0.0068,3,2,2.4,1,0.942563657407407,-0.694146680893029,6.43889047719185,train
64,X108,Oct '21,10/18-21/2021,5,M,M,0.1618,0.0016,0.988875154511743,NA,3,2,2.4,1,1.17042824074074,-0.694146680893029,6.12208707575219,train
65,X111,Nov '21,11/21-22/2021,4,F,F,0.0832,0.0014,1.68269230769231,NA,1,1.6,2,1,1.04,-0.917290232207238,6.16336964120878,train
66,X115,Nov '21,11/21-22/2021,4,M,M,0.1264,0.0008,0.632911392405063,NA,3,2,2.4,1,0.914351851851852,-0.917290232207238,5.23776982321654,train
67,X117,Nov '21,11/21-22/2021,4,F,F,0.0956,0.0036,3.76569037656904,NA,1,1.7,2.1,1,1.03228593024511,-0.917290232207238,3.63530529236591,train
68,X119,Nov '21,11/22-29/2021,4,M,M,0.1796,0.0014,0.779510022271715,NA,3,2.1,2.5,1,1.14944,-0.917290232207238,6.11870826537671,train
69,X120,Nov '21,11/22-29/2021,4,F,F,0.2006,0.0141,7.02891326021934,NA,2,2,2.5,1,1.28384,-0.917290232207238,6.09623277600091,train
70,X123,Dec '21,12/15/2021,3,F,F,0.0534,0.0002,0.374531835205993,NA,1,1.5,1.8,0,0.915637860082304,-1.20497230465902,5.92403838626348,train
71,X130,Dec '21,12/15/2021,3,M,M,0.1657,0.0007,0.422450211225106,NA,3,2,2.5,1,1.06048,-1.20497230465902,5.00171139301109,train
72,X132,Dec '21,12/15-16/2021,3,F,F,0.0641,0.0016,2.49609984399376,NA,1.5,1.5,1.8,1,1.09910836762689,-1.20497230465902,3.63708897341796,train
73,X134,Jan '22,1/24/2022,2,F,F,0.1149,0.0025,2.17580504786771,NA,1.5,1.8,2.2,1,1.07907588279489,-1.61043741276718,4.25431580679492,train
74,X135,Jan '22,1/24/2022,2,Im,Im,0.0353,NA,0,NA,0.5,1.3,1.5,1,1.04592592592593,-1.61043741276718,2.99439781673422,train
75,X137,Dec '21,12/15-16/2021,3,Im,F,0.0471,NA,0,NA,0.5,1.4,1.7,1,0.958681050274781,-1.20497230465902,3.0781347285993,train
76,X140,Jan '22,1/24/2022,2,Im,M,0.0679,NA,0,NA,2,1.6,1.9,1,0.989940224522525,-1.61043741276718,3.61888057607949,train
77,X133,Jan '22,1/24/2022,2,M,M,0.0849,0.0005,0.588928150765607,NA,3,1.7,2.1,1,0.916747651441529,-1.61043741276718,5.91247407157643,test
78,X125,Dec '21,12/15/2021,3,NA,M,0.0907,NA,0,NA,1,1.7,2,1,1.13375,-1.20497230465902,5.37734752595136,test
79,X114,Nov '21,11/21-22/2021,4,M,M,0.0765,0.0005,0.65359477124183,NA,2,1.2,1.6,1,1.86767578125,-0.917290232207238,5.93582025590318,test
80,X98,Oct '21,10/17-18/2021,5,M,M,0.1083,0.0004,0.369344413665743,NA,2.5,1.9,2.3,1,0.890112599654804,-0.694146680893029,7.50836481087665,test
81,X110,Oct '21,10/18-21/2021,5,M,M,0.0735,NA,0,NA,2,1.6,2,0,0.91875,-0.694146680893029,6.46512920656751,test
82,X90,Aug '21,8/17/2021,7,M,M,0.0803,0.0005,0.62266500622665,NA,2.5,1.9,2.2,1,0.754132231404958,-0.357674444271816,6.11051458643468,test
83,X76,Jul '21,7/14-16/2021,8,F,F,0.1749,0.0081,4.63121783876501,NA,2,2.2,2.8,2,0.79673833819242,-0.224143051647293,10.0304111449841,test
84,X94,Jul '21,7/14-16/2021,8,M,M,0.1753,0.0014,0.798630918425556,NA,3,2.4,2.9,2,0.718766657099512,-0.224143051647293,8.84579763293026,test
85,X74,Jun '21,6/15/2021,9,M,M,0.1121,0.0007,0.624442462087422,NA,2,2,2.5,1,0.71744,-0.106360015990909,11.4652062025062,test
86,X70,May '21,5/20-25/2021,10,F,F,0.1448,0.009,6.21546961325967,NA,3,2,2.5,1,0.92672,-0.000999500333083159,8.58711768322746,test
87,X47,Jan '21,1/22-26/2021,14,F,F,0.0879,0.0012,1.36518771331058,NA,1,1.3,2.2,1,0.825507137490608,0.3996003996004,11.5131265372267,test
88,X38,Dec '20,12/17-21/2020,15,F,F,0.2215,0.017,7.67494356659142,NA,2,2.3,2.9,2,0.908196318012219,0.4995004995005,10.2887611238658,test
89,X42,Nov '20,11/13-19/2020,16,F,F,0.1556,0.0058,3.72750642673522,NA,2,2.1,2.6,2,0.885298133818844,0.599400599400599,23.995752399401,test
90,X25,Oct '20,10/17-20/2020,17,M,M,0.1949,0.0009,0.461775269368907,NA,3,2.1,2.7,2,0.990194584158919,0.699300699300699,13.4063083741391,test
91,X34,Oct '20,10/17-20/2020,17,M,M,0.1539,0.0001,0.0649772579597141,NA,2,2.2,2.7,2,0.781893004115226,0.699300699300699,8.3777745699192,test
92,X31,Aug '20,8/14-18/2020,19,M,M,0.1772,0.0008,0.451467268623025,NA,3,2.3,2.8,2,0.807215743440233,0.899100899100899,14.2494174508642,test
93,X22,Jun '20,6/17-25/2020,21,M,M,0.1084,NA,0,NA,1,1.8,2.3,2,0.890934494945344,1.0989010989011,12.262749992146,test
94,X3,Dec '19,12/16-20/2019,27,M,M,0.1738,0.0003,0.172612197928654,NA,2,2.1,2.7,2,0.882995478331555,1.6983016983017,14.3122585052789,test
95,X8,Nov '19,11/12-20/2019,28,F,F,0.2328,0.0136,5.84192439862543,0.0103,2,2.2,2.8,2,1.06049562682216,1.7982017982018,17.5172712278517,test
96,X16,Oct '19,10/13-15/2019,29,F,F,0.2177,0.0057,2.6182820395039,NA,1,2.2,2.7,2,1.10603058476858,1.8981018981019,22.2933655083786,test
